p_id,name,price,colour,brand,img,description
16697006,KALINI Maroon & Gold Ethnic Motifs Zari Silk Blend Banarasi Saree,2099.0,Maroon,KALINI,http://assets.myntassets.com/assets/images/16697006/2022/1/5/4672c4bf-8fe1-4523-91f4-ac08301573251641392147135KALINIWomenMaroonWovenDesign1.jpg," Design Details    Maroon and gold-toned banarasi saree   Ethnic motifs woven design saree with woven design border   Has zari detail    The saree comes with an unstitched blouse pieceThe blouse worn by the model might be for modelling purpose only. Check the image of the blouse piece to understand how the actual blouse piece looks like.Saree Fabric : Silk Blend,Blouse Fabric : Silk Blend,Dry CleanLength: 5.5 metres plus 0.8 metre blouse pieceWidth: 1.06 metres"
18989580,Meena Bazaar Beige & Pink Printed Pure Cotton Unstitched Dress Material,2995.0,Beige,Meena Bazaar,http://assets.myntassets.com/assets/images/18989580/2022/7/6/bd1c6fa3-06f3-4298-9390-6037705f5e581657108866076MeenaBazaarBeigePinkPrintedPureCottonUnstitchedDressMaterial1.jpg,"Beige and pink printed unstitched dress material  Beige and pink printed kurta fabric  Beige and pink solid bottom fabric  Beige and pink printed dupatta, has taping border  Disclaimer: Images are for referral purposes only. The actual product is unstitchedDry Clean OnlyTop Fabric Length: 2.50 MTRSBottom Fabric Length: 2.50 MTRSDupatta Fabric Length: 2.25 MTRS"
17639400,United Colors of Benetton Girls Navy-Blue Solid Flared Knee-Length Skirt,1699.0,Navy Blue,United Colors of Benetton,http://assets.myntassets.com/assets/images/17639400/2022/3/25/efd0e20c-d00d-4ba4-9d6e-1457535cd7891648197649059UnitedColorsofBenettonGirlsNavy-BlueSolidFlaredKnee-LengthSk1.jpg,"Navy blue solid flared knee-length skirt, has an elasticated waistband with slip-on closure, and a flared hemPolyesterMachine Wash"
18705036,ArtEastri Maroon & White Striped Kantha Work Pure Cotton Saree,3990.0,Maroon,ArtEastri,http://assets.myntassets.com/assets/images/18705036/2022/6/21/e94c1733-6b3f-4598-b14c-403736dd9a411655813613739-ArtEastri-Maroon--White-Striped-Kantha-Work-Pure-Cotton-Sare-1.jpg, Design Details    Maroon and white saree   Striped woven design saree with embroidered border   Has kantha work detail    The saree comes with an unstitched blouse piece
14166356,Bitterlime Women White & Black Solid Top with Skirt,2299.0,White,Bitterlime,http://assets.myntassets.com/assets/images/14166356/2021/4/23/d0cf01a1-e9e2-4008-9d78-9c6bb58e74d21619164274076BitterlimeWomenWhite1.jpg,"This clothing set consists of top and skirtWhite solid top, has a round neck, three-quarter sleevesBlack printed skirt, has a slip-on closureThe model (height 5'8"") is wearing a size STop fabric: Poly GeorgetteBottom fabric: PolyesterHand-wash"
15864428,Miss Chase Mustard & Gold-Toned Sequined Basic Jumpsuit,3995.0,Mustard,Miss Chase,http://assets.myntassets.com/assets/images/15864428/2021/11/22/f459ac45-31a8-4be8-a770-4b9ee65f5a881637557985257-Miss-Chase-Women-Jumpsuit-4061637557984735-1.jpg,"Mustard and gold-toned solid basic jumpsuit with embellished ,has a sweetheart neck,  short sleeves,  2 pockets96% Polyester 4% ElastaneHand Wash with Warm WaterWash dark colors separatelyDo not BleachDip Dry away from direct heatWarm Iron OnlyThe model (height 5'8) is wearing a size S"
18583584,Chhabra 555 Peach-Coloured & Gold-Toned Unstitched Dress Material,7800.0,Peach,Chhabra 555,http://assets.myntassets.com/assets/images/18583584/2022/6/2/a01f3ba4-727d-4cfb-9dce-7be80fc909c91654117484621Chhabra555PeachBanarasiWeavingUnstitchedDressMaterialSetWith1.jpg,"Peach-coloured and gold-toned woven design unstitched dress material  Peach-coloured and gold-toned woven design kurta fabric  Peach-coloured and gold-toned solid bottom fabric  Peach-coloured and gold-toned embroidered dupatta, has tassels border  Disclaimer: Images are for referral purposes only. The actual product is unstitchedDry Clean OnlyKurta length is 2.30 meters and width is 0.70 meters. Salwar length 2.40 meters and width 1.10 meters. Dupatta length is 2.25 meters and width is 0.9 meters."
12122358,Indo Era Women Black & Teal Blue Yoke Design Kurta with Palazzos & Dupatta,2799.0,Black,Indo Era,http://assets.myntassets.com/assets/images/12122358/2020/8/21/f7528b53-a446-4494-9eed-222dcf9fcf931598007423705-Indo-Era-Women-Black--Teal-Yoke-Design-Kurta-with-Palazzos---1.jpg,"Black and teal yoke design kurta with palazzos and dupattaBlack and teal straight calf length kurta, has a round neck, three-quarter sleeves, side slits, straight hemBlack solid palazzos, has partially elasticated waistband, slip-on closure, one pocketTeal blue and golden self design dupatta, has tassels borderThe model (height 5'8"") is wearing a size SKurta fabric: polyesterBottom fabric: polyesterDupatta fabric: art silkDry-clean"
18730920,FOREVER 21 Women Black Shorts,999.0,Black,FOREVER 21,http://assets.myntassets.com/assets/images/18730920/2022/6/14/5f42975c-43cd-4a2d-8dd5-a23398e1743c1655206466859Forever21SolidActiveShorts1.jpg,"Black solid mid-rise regular shorts,  has na pockets, slip-on closure95% Nylon/Polyamide 5% Spandex / ElastaneRegular Fit  The model (height 5'8) is wearing a size 28"
18425088,SHOWOFF Women Navy Blue Striped Hooded Sweatshirt,1800.0,Navy Blue,SHOWOFF,http://assets.myntassets.com/assets/images/18425088/2022/7/27/445d30a9-5041-4316-a252-97c6c75399ca1658944521887SHOWOFFWomenNavyBlueStripedHoodedSweatshirt1.jpg,"Navy blue striped sweatshirt has a round neck,  na pockets, long sleeves,  closure, straight hemMachine WashThe model (height 5'8) is wearing a size S"
18968116,Soch Orange & Silver-Toned Printed Unstitched Dress Material,3398.0,Orange,Soch,http://assets.myntassets.com/assets/images/18968116/2022/7/4/62d7af01-a55c-4822-bd4a-f8ee52ea57511656957399910SochOrangeSilver-TonedPrintedUnstitchedDressMaterial1.jpg,"Orange and silver-toned printed unstitched dress material  Orange and silver-toned printed kurta fabric  Orange and silver-toned solid bottom fabric  Orange and silver-toned printed dupatta, has printed border  Disclaimer: Images are for referral purposes only. The actual product is unstitchedSilk Blend, Machine Wash"
12670736,Kipek Women White Printed Straight Kurti,1899.0,White,kipek,http://assets.myntassets.com/assets/images/productimage/2020/10/6/5164898a-4423-4bd1-9c13-983605c895181601942530611-1.jpg,"White printed A-line kurti, has a mandarin collar, three-quarter sleeves, straight hemViscose RayonMachine wash"
18759676,Mitera Green & Gold-Toned Embroidered Semi-Stitched Lehenga & Unstitched Blouse With Dupatta,3999.0,Green,Mitera,http://assets.myntassets.com/assets/images/18759676/2022/6/17/64c4ab17-5317-4740-97e9-fa3a32d3c4031655454510981MiteraGreenGold-TonedEmbroideredSemi-StitchedLehengaUnstitch1.jpg,"Green and gold-toned embroidered lehenga choli with dupatta,   Green and gold-toned embroidered unstitched blouse,  has a round neck,  three-quarter sleeves,  green and gold-toned embellished semi-stitched lehenga, flared hem  Green and gold-toned embellished dupatta,  tassels borderLehenga Length: 44 Inch, Choli Length: 1 Mtr, Dupatta Length: 2.25 Mtr, Lehenga Gher: 3 MtrHand Wash"
1852518,Dupatta Bazaar Red & Orange Silk Bandhani Print Dupatta,2399.0,Red,Dupatta Bazaar,http://assets.myntassets.com/assets/images/1852518/2017/4/12/11491996068989-Dupatta-Bazaar-Women-Dupatta-6031491996068766-1.jpg,Red and orange Bandhani print dupatta with dyed effect and gota patti detailing along the borderSilkDry-cleanLength: 2.3 metresWidth: 1.1 metres
12693476,STREET 9 Women Blue Straight Fit Mid-Rise Clean Look Stretchable Jeans,2199.0,Blue,STREET 9,http://assets.myntassets.com/assets/images/productimage/2020/10/9/6fc44fb8-0631-41eb-a5d1-862b71e13f6d1602198577112-1.jpg,"Blue light wash 5-pocket mid-rise jeans, clean look, heavy fade, has a button and zip closure, and waistband with belt loops96% Cotton, 4% ElastaneMachine-washStraight FitStretchableThe model (height 5'8"") is wearing a size 28"
15794912,Safaa Navy Blue & Red Viscose Rayon Unstitched Dress Material,3959.0,Navy Blue,Safaa,http://assets.myntassets.com/assets/images/15794912/2021/10/11/5b0556ae-ab61-4608-903d-01cad9e354721633951066987SafaaWomenNavyBlue1.jpg,"Navy blue and red woven design unstitched dress material  Navy blue and red woven design kurta fabric  Navy blue and red woven design bottom fabric  Navy blue and red woven design dupatta, has Disclaimer: Images are for referral purposes only. The actual product is unstitchedTop: 3 m, Bottom: 3.1 m ,Dupatta: 2.5 mDry Clean Only"
13369088,Readiprint Fashions Yellow & Blue Embroidered Semi-Stitched Lehenga & Unstitched Blouse with Dupatta,5750.0,Yellow,Readiprint Fashions,http://assets.myntassets.com/assets/images/13369088/2021/1/13/ef4c456c-7f26-467b-9749-18b78b3f65471610531367376-Readiprint-Fashions-Women-Lehenga-Choli-9781610531362266-1.jpg,"Yellow and blue zari embroidered lehenga choli with dupattaYellow and blue zari embroidered unstitched blouse pieceYellow and blue zari embroidered semi-stitched lehenga, has a zip, hook and bar and drawstring closure, flared hem, an attahed lining with can-can detailBlue and golden embroidered dupatta, has taping along the borderCholi: Customizable upto 42 inches at the BustLehenga: Customizable upto 42 inches at the waist ,Lehenga Length: 1.092 metersLehenga Flare: 1.20 metersDupatta Length: 2.50 metersDupatta Width: 1.15 metersBlouse fabric: Satin silkLehenga fabric: Satin silkLehenga lining fabric: ShantoonDupatta fabric: NetDry-clean"
2129857,Bhama Couture Women Off-White Solid Pure Cotton Top,1799.0,Off White,Bhama Couture,http://assets.myntassets.com/assets/images/2129857/2018/11/28/f6c8fb07-8e54-4177-82fa-18816c8908ad1543382217052-Bhama-Couture-Women-Off-White-Solid-Top-3551543382216799-1.jpg,"Off-white and red solid woven top with embroidered detail at the yoke, has a tie-up neck, three-quarter sleevesThe model (height 5'8"") is wearing a size SPure cotton  Machine-wash"
18872418,URBANIC Women Blue Highly Distressed Heavy Fade Jeans,1490.0,Blue,URBANIC,http://assets.myntassets.com/assets/images/18872418/2022/6/28/f25fc08b-9f44-4782-a635-160ffa0e65291656390305354URBANICWomenBlueHighlyDistressedHeavyFadeJeans1.jpg,"  Light shade,  heavy fade blue jeans   Regular fit,  mid-rise   Highly distressed   Non stretchable   Na pocket   Length: cropped  Cotton<>Machine Wash Fit: Regular Fit  Non Stretchable  The model (height 5'8) is wearing a size 28"
16351484,HOUSE OF KARI Blue & Black Chikankari Embroidery Tunic,2999.0,Blue,HOUSE OF KARI,http://assets.myntassets.com/assets/images/16351484/2021/12/3/34c279eb-5172-4417-842d-2d9aaa9fbdc01638537040805HOUSEOFKARIWomenMultiPrinted1.jpg,"Blue and black printed tunic ,has a round neck,  three-quarter sleeves,  embroidered detail,Machine WashThe model (height 5'8) is wearing a size S"
16158558,Oxolloxo Women Teal Green Trousers,2299.0,Teal,Oxolloxo,http://assets.myntassets.com/assets/images/16158558/2021/11/18/f3fedb69-da29-43a7-ae37-980a2368b64c1637217530958OxolloxoWomenTealTrousers1.jpg,"  Teal woven trousers   Regular fit   Mid-rise   Length:  cropped   Pattern: solid   Flat-front, with no pleats design   Feature:  plain   2 pockets   Fit: Regular Fit  The model (height 5'8) is wearing a size 28Viscose RayonMachine wash, do not bleach, do not tumble dry, warm iron, dry cleanable."
15751418,Just Wow Women Yellow Flared Palazzos,1998.0,Yellow,Just Wow,http://assets.myntassets.com/assets/images/15751418/2022/6/8/4693424e-e645-4e9b-b844-3c54d22757211654670275703-Just-Wow-Women-Yellow-Flared-Palazzos-3571654670275210-1.jpg,Yellow woven palazzosSolid patternOpaqueFlared fitElasticated waistbandLength: regularWoven crepe fabricCrepe  Machine washFlared fit  The model (height 5'8) is wearing a size S
16576222,Mitera Pink & Golden Ethnic Motifs Banarasi Saree with Zari Border,5999.0,Pink,Mitera,http://assets.myntassets.com/assets/images/16576222/2022/1/10/0d805304-1ccc-4fea-a6a7-3e5710c1adef1641793917291-Purple--Embellished-Banarasi-Saree-with-Zari-Border-Blouse-9-1.jpg,Design Details Pink and golden Banarasi sareeEthnic motifs woven design saree with zari borderDisclaimer:The saree comes with an unstitched blouse pieceThe blouse worn by the model might be for modelling purpose only. Check the image of the blouse piece to understand how the actual blouse piece looks like.Length: 5.5 metres plus 80 cm (0.8 metre) blouse pieceWidth: 1.06 metres (approx.)Saree fabric: Silk blendBlouse fabric: Silk blendDry Clean Only
15441212,The Roadster Lifestyle Co Women Rust Orange Printed Slouchy Fit Cropped Regular Trousers,2499.0,Rust,Roadster,http://assets.myntassets.com/assets/images/15441212/2022/3/15/536936ad-5501-470e-b8bd-c6aae3486fd41647348267089-Roadster-Women-Trousers-6041647348266479-1.jpg,"Rust orange knitted trousersRegular fitBrand Fit: slouchyMid-riseLength: croppedPattern: geometric printedFlat-front, with no pleats designFeature: plain4 pockets98% cotton, 2% elastaneMachine washBrand Fit: Slouchy  Fit: Regular Fit  The model (height 5'8) is wearing a size 28"
16159416,KETCH Women Yellow & Blue Ethnic Motifs Printed Kurta,999.0,Yellow,KETCH,http://assets.myntassets.com/assets/images/16159416/2021/11/18/45261c1e-0444-4dee-8fef-a1be29d91c1b1637223483917KETCHWomenYellowEthnicMotifsEmbroideredKurta1.jpg,"  Colour: yellow and blue   Ethnic motifs printed   Round neck   Three-quarter,  regular sleeves   Straight shape with regular style   Calf length with straight hem   Machine weave regular polyester   The model (height 5'8) is wearing a size SPolyesterMachine wash"
14271080,NEUDIS Women Pack Of 2 Solid Velvet Flared Mini Skirt,2599.0,Green,NEUDIS,http://assets.myntassets.com/assets/images/productimage/2021/5/7/e1e0d66b-1b08-4b15-b7f2-a5238e7a96e31620402948239-1.jpg,"Pack of 2 solid mid-rise flared mini skirt in green and maroon, each has an elasticated waistband with a slip on closure, flared hemRegular-FitThe model (height 5'8'') is wearing a size 28Polyester, velvetMachine wash coldWarm ironDo not bleach"
17166190,Smarty Pants Women Blue Silk Satin Top With Skirt,1699.0,Blue,Smarty Pants,http://assets.myntassets.com/assets/images/17166190/2022/2/15/9aaeca10-7747-4f36-96a1-94625a93fadf1644935876584SmartyPantsBlueSatinMaxiDress1.jpg,"This co-ords consists of top and skirtBlue solid top ,has a square neck, short puff sleevesBlue solid maxi skirt ,has a slip-on closure with side slit detailTop fabric: Silk satinBottom fabric: Silk satinHand wash in cold water onlyDo not bleachWash dark colours separatelyThe model (height 5'8) is wearing a size S"
13452660,SHOPGARB Pink & Golden Embellished Semi-Stitched Lehenga & Unstitched Blouse with Dupatta,12999.0,Pink,SHOPGARB,http://assets.myntassets.com/assets/images/13452660/2021/2/9/b95f1ab0-9d43-4894-b8d6-eef19375b3921612872498685DesignerPinkcolorNetSemisttichedLehengaandPinkblouseandwithm1.jpg,"Pink and golden semi-stitched lehenga & unstitched blouse with dupattaPink and golden unstitched sequinned blouse fabricPink and golden semi-stitched sequinned lehenga with can-can lining, has flared hemPink and golden sequinned dupatta with taping borderBlouse fabric: NetLehenga fabric: NetLehenga lining fabric: Poly CrepeDupatta fabric: NetLehenga Length: 1.11 metres (44 inches)Lehenga Flare: 3 metres  Blouse piece: 1 metreDupatta length: 2.25 metres"
18686184,KARAJ JAIPUR Women Pink Empire Chanderi Cotton Kurti with Trousers & With Dupatta,4595.0,Pink,KARAJ JAIPUR,http://assets.myntassets.com/assets/images/18686184/2022/6/9/b09bf8f6-0884-486e-8837-f35e251bf7711654773972931KurtaSets1.jpg,"Pink solid Kurti with Trousers with dupatta    Kurti design:     Checked solid   A-line shape   Empire style   Round neck,  short no sleeves   Na pockets   Above knee length with flared hem   Chanderi cotton machine weave fabric     Trousers design:     Self design Trousers   Elasticated waistband   Slip-on closure  The model (height 5'8) is wearing a size SGentle Wash Or Dry Clean Only"
16272572,MIMOSA Green Ethnic Motifs Woven Design Art Silk Dupatta with Zari,1799.0,Green,MIMOSA,http://assets.myntassets.com/assets/images/16272572/2022/2/4/e374f7e7-a0e5-463c-b252-8b8e1a95e2a81643965510933-Mimosa-Womens-Green--Gold-Toned-Woven-Design-Banarasi-Art-Si-1.jpg,"Green ethnic motifs woven design dupatta zari,  tasselled borderArt SilkHand washLength:2.5 m Width: 1.1 m"
14485398,ROOTED Grey Solid Round Neck Box Pleated Linen A-Line Top,2499.0,Grey,ROOTED,http://assets.myntassets.com/assets/images/productimage/2021/6/8/45d390ee-51d9-49e3-af02-ba0e465ff8911623170715110-1.jpg,"Box pleated A-line topGrey solid, box pleatedround neck, with full button placket in the frontthree-quarter regular sleeves with thread work stripesKnitted and wovenLinen  Machine washThe model (height 5'8) is wearing a size S"
14518468,W Women Off White & Black Printed Flared Maxi Skirt,3999.0,Off White,W,http://assets.myntassets.com/assets/images/productimage/2021/6/11/fdd51396-92b6-469a-bffb-c18605a217c91623385201251-1.jpg,"Off-white and black checks and stripes mix print flared maxi skirt, has an elasticated waistband, buttons and zip closure on the side, an attached lining, and flared hemThe model (height 5'8"") is wearing size 28Cotton blendDry clean"
19042696,Yufta Women Mustard Yellow Ethnic Motifs Printed Gotta Patti Pure Cotton Kurta with Trousers & With Dupatta,3999.0,Mustard,Yufta,http://assets.myntassets.com/assets/images/19042696/2022/7/20/5f9e8ef7-b3df-4bd3-bb7b-153114503b911658323289820-Yufta-Women-Kurta-Sets-9731658323289134-1.jpg,"Mustard yellow printed Kurta with Trousers with dupatta    Kurta design:     Ethnic motifs printed   Straight shape   Regular style   Round neck,  three-quarter regular sleeves   Gotta patti detail   Calf length with straight hem   Pure cotton machine weave fabric     Trousers design:     Printed Trousers   Partially elasticated waistband   Drawstring closure  Top Fabric :100% CottonBottom Fabric: CottonDupatta Fabric: VoileMachine washThe model (height 5'8) is wearing a size M"
9479095,The Roadster Lifestyle Co Women Peach-Coloured Solid Puffer Jacket,3699.0,Peach,Roadster,http://assets.myntassets.com/assets/images/9479095/2019/10/15/bba527bf-c86e-4f8a-aa6c-0b56bb56c6761571118978884-Roadster-Women-Jackets-9501571118976537-1.jpg,"Peach-coloured solid puffer jacket, has a mock collar, 2 pockets, zip closure, long sleeves, straight hem, and polyester liningShell & Lining: 100% PolyesterMachine-washThe model (height 5'8"") is wearing a size S"
17493358,Pothys Pink & Grey Embellished Unstitched Lehenga & Blouse With Dupatta,3105.0,Pink,Pothys,http://assets.myntassets.com/assets/images/17493358/2022/3/12/0d6b99a2-537f-4ded-b0d0-e115077ecc891647062901540PothysNetPinkAndGreyColourHalfSaree1.jpg,"Pink and grey embellished lehenga choli with dupatta,   Pink and grey embellished unstitched blouse,  short sleeves,  pink and grey embellished unstitched lehenga, flared hem  Pink and grey embellished dupatta,  taping borderNet Lehenga CholiDry Wash Only2.30 Meter Dhavani, 0.90 Meter Blouse,2.75 Meter Skirt"
17923662,Biba Women Blue Ethnic Motifs Printed Pure Cotton Kurta with Trousers & Dupatta,3599.0,Blue,Biba,http://assets.myntassets.com/assets/images/17923662/2022/5/17/adb9e4a8-75ba-47eb-8b9a-d6274e2c82a01652767103936-Biba-Women-Kurta-Sets-2431652767103320-1.jpg,"Blue printed Kurta with Trousers with dupatta    Kurta design:     Ethnic motifs printed   Straight shape   Regular style   Round neck,  three-quarter regular sleeves   Calf length with straight hem   Pure cotton machine weave fabric     Trousers design:     Solid Trousers   Partially elasticated waistband   Zip closure  Size worn by the model: 32Chest: 31.5''Waist: 28""Hips: 32''Height: 5'7""Top Fabric: Pure Cotton Bottom Fabric: Pure Cotton Dupatta Fabric: Poly ChiffonHand wash"
19283502,Outflits Women Navy Blue Skinny Fit Cycling Sports Shorts pack of 2,798.0,Navy Blue,Outflits,http://assets.myntassets.com/assets/images/19283502/2022/7/28/042acba6-af93-4a75-8298-244bd718fa071659008621317OUTFLITSPackof2WomensCottonYogaWorkoutGymCyclingSlipShorts1.jpg,"Navy blue solid mid-rise cycling sports shorts,has slip-on closureelastaneMachine Wash,Like Colour WashingSkinny Fit  The model (height 5'8) is wearing a size 28"
18517382,NA-KD Beige Self Striped Top with Waist Tie-Ups,3499.0,Beige,NA-KD,http://assets.myntassets.com/assets/images/18517382/2022/6/10/9cf7009c-d64b-4ae7-b9a2-5c4735baa4c81654834068503DressesNA-KDWomenDressesNA-KDWomenDressesNA-KDWomenDressesNA1.jpg,"Beige regular topVertical self stripedRound neck, long, regular sleevesWaist tie-ups detailWovenThe model (height 5'8) is wearing a size SPolyester  Machine wash"
15955688,aarke Ritu Kumar Women Grey & Brown Striped Longline Shrug,4400.0,Grey,aarke Ritu Kumar,http://assets.myntassets.com/assets/images/15955688/2021/11/22/6c749ed9-f64f-42bc-9ed6-c94f47b9c7171637576704239-aarke-Ritu-Kumar-Women-Shrug-4501637576703742-1.jpg,"Grey and brown striped open front longline shrug ,has long sleeves,  asymmetric hemThe model (height 5'8) is wearing a size SAcrylic"
15110790,Campus Sutra Women Black Solid Windcheater Tailored Jacket,2499.0,Black,Campus Sutra,http://assets.myntassets.com/assets/images/15110790/2021/8/11/d9e1b350-4980-4358-b14c-565a10e6b42f1628679885052CampusSutraWomenSolidStylishCasualJacket1.jpg,"Black solid windcheater tailored jacket, has a spread collar, 2 pockets, has a button closure, long sleeves, straight hemline, cotton liningThe model (height 5'8) is wearing a size SOuter shell: Cotton  Lining fabric: Cotton  Machine wash"
15583472,Berrylush Maroon Solid A-line Skirt,1799.0,Maroon,Berrylush,http://assets.myntassets.com/assets/images/15583472/2021/10/11/02324227-ced8-48c0-a0e5-cbb47dfcec811633939719121-Berrylush-Women-Solid-Maroon-A-line-Skirt-9051633939718493-1.jpg,"Maroon solid A-line skirt, flraed hem, zip closure, pleated detailingThe model (height 5'8) is wearing a size SPolyester CrepeMachine wash"
19041030,SheWill Women Purple Sequinned Kurti with Trousers,8649.0,Purple,SheWill,http://assets.myntassets.com/assets/images/19041030/2022/7/9/2ed069d2-905f-41ca-952b-f72bb7a8ba491657387541624SheWillWomenPurpleAmericanCrepeSequenceEmbroideredKurtaWithP1.jpg,"Purple solid Kurti with Trousers    Kurti design:     Solid   Straight shape   Regular style   Round neck,  three-quarter regular sleeves   Sequinned detail   Calf length with straight hem   Poly crepe machine weave fabric     Trousers design:     Solid Trousers   Partially elasticated waistband   Slip-on closure  The model (height 5'8) is wearing a size SDry clean only"
18605954,URBANIC Women Black Solid Pure Cotton A-Line Skirts,1190.0,Black,URBANIC,http://assets.myntassets.com/assets/images/18605954/2022/6/3/3560a2d8-515b-4ac0-baa6-12ddaa1a52261654272766791ContrastStitchA-LineSkirt1.jpg,"Black solid A-line  Mini skirt, has a waistband button closure zip fly, straight hem, four pocketsCottonMachine WashThe model (height 5'8"") is wearing a size 25"
15241584,Clora Creation Magenta & Gold-Toned Woven Design Pure Cotton Dupatta,999.0,Magenta,Clora Creation,http://assets.myntassets.com/assets/images/15241584/2021/8/24/cac74ae3-d9a0-4794-8438-2afb159242b31629800609160CloraMagentaSelfDesignCottonDupatta1.jpg,"Magenta and gold-toned geometric woven design dupatta, woven design borderPure cotton  Hand washThe model (height 5'7"", chest 34"" and waist 28"") is wearing onesize"
15050618,Marks & Spencer Women Beige Longline Shrug,2499.0,Beige,Marks & Spencer,http://assets.myntassets.com/assets/images/15050618/2021/8/18/0a243a27-d09d-4dc9-a06e-412e679225871629263116475-Marks--Spencer-Women-Tops-6021629263116035-1.jpg,"Beige solid open front longline shrug ,has long sleeves,  asymmetric hemPolyester  Machine wash"
12098992,Hypernation Women White & Blue Printed Open Front Shrug,1299.0,White,Hypernation,http://assets.myntassets.com/assets/images/productimage/2020/7/17/73c73c01-5f50-4df9-88e3-1a6ae02feb4e1594939853560-1.jpg,"White printed open front longline shrug, has sleeveless, asymmetric hemThe model (height 5'8'') is wearing a size SMaterial: Cotton  Machine Wash"
14122726,Anouk Women Navy Blue Embellished Ready to Wear Lehenga & Blouse With Dupatta,4999.0,Navy Blue,Anouk,http://assets.myntassets.com/assets/images/14122726/2021/9/16/5eabd17b-d5b0-47dc-8fae-79425bfccc901631792111643-Anouk-Women-Lehenga-Choli-2541631792110834-1.jpg,"Navy blue embellished lehenga choli with dupattaNavy blue embellished ready to wear blouse, has a round neck, three-quarter sleeves, hook and eye closure with tie-up detailsNavy blue embellished ready to wear lehenga, has zip and button closure, flared hem and attached liningTeal blue woven design dupattaBlouse fabric: 73% Viscose Rayon & 27% Polyester Lehenga fabric: 73% Viscose Rayon & 27% Polyester Lehenga lining fabric: Poly CrepeDupatta fabric: Art SilkThe model (height 5'8) is wearing a size SThe model (height 5'8) is wearing a size S"
16920506,Masaba Women Beige Floral Printed Drape Skirt with Top,22000.0,Beige,Masaba,http://assets.myntassets.com/assets/images/16920506/2022/1/24/8d529895-fc21-419d-a4d5-c39a208223f21643022255523Co-Ords1.jpg,"This clothing set consists of top and skirtBeige printed top, has a square neck, long sleevesBeige printed drape skirt, has a zip closureTop: SatinBottom: CrepeDry CleanFitted at waist"
18770002,Trendyol Women Coffee Brown Solid Flared High-Rise Trousers,1799.0,Coffee Brown,Trendyol,http://assets.myntassets.com/assets/images/18770002/2022/7/26/00d0b69b-f4be-458b-9dbf-a88de45513531658828976786TrendyolWomenCoffeeBrownSolidFlaredHigh-RiseTrousers1.jpg,"  Coffee brown knitted trousers   Flared   High-rise   Length:  regular   Pattern: solid   Flat-front, with no pleats design   Feature:  plain  75% Viscose, 20% Polyester, 5% ElastaneMachine Wash Fit: Flared  The model (height 5'8) is wearing a size 28"
12154040,H&M Women Black Long Cardigan,1499.0,Black,H&M,http://assets.myntassets.com/assets/images/productimage/2020/7/28/7e6d3a31-52b7-4760-a334-ebe17cb1d2ee1595885764488-1.jpg,"Long cardigan in a soft, fine knit containing some wool with dropped shoulders, long sleeves and ribbing at the cuffs, hem and back of the neck. No buttons. The polyester content of the cardigan is recycled.52% Polyester, 41% Acrylic, 4% Wool, 3% ElastaneMachine Wash"
18716468,FableStreet Women Pink Trousers,2895.0,Pink,FableStreet,http://assets.myntassets.com/assets/images/18716468/2022/6/13/625ba38d-6309-46f6-b0f3-03a0a50f2c961655108755985Trousers1.jpg,"  Pink woven parallel   Regular fit   Mid-rise   Length:  regular   Pattern: solid   Flat-front, with no pleats design   Feature:  plain   4 pockets  Cotton Lycra is comfortable and breathable. Machine cold wash. Do not bleach. Do not iron. Do not tumble dry/ Flat dry. Turn inside out before washing. Wash dark colours separately. Fit: Regular Fit  The model (height 5'8) is wearing a size 28"
16505376,KALINI Women Black Pure Cotton Kurta with Trousers,2999.0,Black,KALINI,http://assets.myntassets.com/assets/images/16505376/2021/12/13/f24c9530-094f-4e20-a188-44633a86aa501639399555812KALINIWomenBlackPureCottonKurtawithTrousers1.jpg,"Black solid Kurta with Trousers    Kurta design:     Solid   Straight shape   Regular style   Boat neck,  short regular sleeves   1 pockets   Calf length with straight hem   Pure cotton machine weave fabric     Trousers design:     Solid Trousers   Elasticated waistband   Slip-on closure  The model (height 5'8) is wearing a size STop: Pure CottonBottom: Pure CottonMachine wash"
16008594,Sera Burgundy Two-Piece Jumpsuit,2998.0,Burgundy,Sera,http://assets.myntassets.com/assets/images/16008594/2021/11/4/c3d03a69-2c37-4574-abe2-2d96b86a3c721635965820449SeratwopcJumpsuit1.jpg,"Burgundy solid two-piece ,has a v-neck, short sleevesViscose rayonMachine WashThe model (height 5'8) is wearing a size S"
11609860,Nifty Women Blue Slim Fit High-Rise Clean Look Stretchable Jeans,1699.0,Blue,Nifty,http://assets.myntassets.com/assets/images/productimage/2020/2/28/c3658bdd-b682-4676-b33b-55822b7d1b1d1582841997201-1.jpg,"Blue light wash 5-pocket high-rise jeans, clean look, light fade, has a button and zip closure, and waistband with belt loopsSlim fitStretchableThe model (height 5'8"") is wearing a size 2873% Cotton , 25.5% polyester, 1.5% spandexMachine-wash"
15530056,KALINI Green & White Leheriya Saree,2799.0,Green,KALINI,http://assets.myntassets.com/assets/images/15530056/2021/9/18/c36ca112-f711-4845-9599-124e3c978eb51631985348214GreenColoredCottonStripsPrintedSareeWithMatchingBlouse1.jpg, Design Details    Green and white leheriya saree   Leheriya printed saree with woven design border    The saree comes with an unstitched blouse pieceThe blouse worn by the model might be for modelling purpose only. Check the image of the blouse piece to understand how the actual blouse piece looks like.Saree fabric:  Cotton Blend  Blouse fabric:  Cotton Blend  Dry cleanLength: 5.5 metres plus 0.8 metre blouse piece  Width: 1.06 metres (approx.)
17513236,Darzi Women Multicoloured Crop Tailored Jacket,1499.0,Multi,Darzi,http://assets.myntassets.com/assets/images/17513236/2022/3/14/20859725-f51c-4156-8159-a598d351935a1647250791238DarziWomenMulticolouredCropTailoredJacketwithPatchwork1.jpg,"Multicoloured graphic printed tailored jacket,  has a spread collar,  2  pockets ,has a snap button closure, long sleeves,  straight  hemline, cotton  liningThe model (height 5'8) is wearing a size SMachine Wash"
18872392,URBANIC Women White Mildly Distressed Jeans,1590.0,White,URBANIC,http://assets.myntassets.com/assets/images/18872392/2022/6/27/22a60e4d-fa41-416f-a939-722a13c832e61656328079929ContrastStitchWideLegJeans1.jpg,"  Light shade,  no fade white jeans   Regular fit,  mid-rise   Mildly distressed   Non stretchable   Na pocket   Length: cropped  Cotton<>Machine Wash Fit: Regular Fit  Non Stretchable  The model (height 5'8) is wearing a size 28"
10721942,High Star Women Blue Slim Fit Mid-Rise Clean Look Stretchable Jeans,999.0,Blue,High Star,http://assets.myntassets.com/assets/images/productimage/2019/9/24/38796354-909a-4428-b95d-6eb1c3f133111569314693291-1.jpg,"Blue medium wash 5-pocket mid-rise jeans, clean look, heavy fade, has a button and zip closure, and waistband with belt loopsSlim fitStretchableThe model (height 5'8"") is wearing a size 2880% Cotton 17%Polyester 3%SpandexMachine wash"
11055118,INDYA Women Pink & Gold-Coloured Sequin Embellished Crop Top,1400.0,Pink,INDYA,http://assets.myntassets.com/assets/images/productimage/2019/11/26/f7691162-8c82-4c44-a09d-51bcc8f7c4501574717556271-1.jpg,"Pink and gold-coloured sequin embellished woven regular crop top and has shoulder strapsThe model (height 5'8"") is wearing a size SMaterial: 100%PolyesterHand Wash"
15641488,elleven Women Pink Palazzos,1499.0,Pink,elleven,http://assets.myntassets.com/assets/images/15641488/2021/9/27/f3a6273d-f01e-4542-99e0-f2cff677b2fb1632744993533EllevenPinkSidePleatedPalazzo1.jpg,  Pink woven palazzos   Solid   Opaque   Wide leg fit   Partially elasticated waistband   Length: regular   Woven polyester fabric  Wide Leg fit  The model (height 5'8) is wearing a size SFabric Name : Moss CrepeFabric Composition : 100% PolyesterHand Wash
17983036,Forever New Women Brown Satin Accordion Pleated Midi Skirt,4400.0,Brown,Forever New,http://assets.myntassets.com/assets/images/17983036/2022/4/22/026823d9-b640-4f1b-b2f6-3f068f5e9dad1650602885946Skirts1.jpg,"Brown solid accordion pleated satin finish flared midi skirt, has an elasticated waistband, lining, slip-on closure, flared hem100% recycled polyesterMachine washThe model (height 5'8'') is wearing a size 28"
16542580,U&F Women Charming Lavender Solid Tiered Skirt,1999.0,Lavender,U&F,http://assets.myntassets.com/assets/images/16542580/2022/2/14/d3b6938e-5649-441b-af34-334cd2a06a281644838546123UFWomenCharmingLavenderSolidTieredSkirt1.jpg,"Modish and trendy, this skirt is sure to be your favourite. With its slip-on closure and mini length, this skirt lends a flattering look. Charming lavender hueClassic solid patternSlip-on closureMini lengthPolyester, machine washTrend AlertA tiered garment is usually one that is completed by stitching three or more pieces of fabric one below the other. They could also have layers and ruffles to add beauty.PolyesterMachine wash"
17739322,Clora Creation Cream-Coloured Embroidered Gotta Patti Sequined Silk Dupatta,1399.0,Cream,Clora Creation,http://assets.myntassets.com/assets/images/17739322/2022/4/2/31788d7c-41ae-42c4-9909-99f79837ebe41648889282154CloraCreationWomenCreamDupatta1.jpg,"Cream-coloured geometric embroidered dupatta gotta patti,  embellished borderSilkHand WashLength: 2.23 mWidth: 86.3 cm"
18987460,BoStreet Women Fluorescent Green Tapered Fit Joggers,2399.0,Fluorescent Green,BoStreet,http://assets.myntassets.com/assets/images/18987460/2022/7/6/b7a6fb50-50cf-46d3-be32-565443bee6b91657097970682Trousers1.jpg,"  Fluorescent green knitted trousers   Tapered fit   Mid-rise   Length:  regular   Pattern: solid   Flat-front, with no pleats design   Feature:  plain   2 pockets  Fit: Tapered FitThe model (height 5'8) is wearing a size 2895% Polyester, 5% SpandexMachine Wash"
19174668,Tistabene Women Orange Satin Cowl Neck Cami Top,599.0,Orange,Tistabene,http://assets.myntassets.com/assets/images/19174668/2022/7/19/1f330c14-7823-47d4-8d78-97e946f09d761658253339270Orangecowlneckcamitop1.jpg,"  Orange regular top   Solid   Shoulder straps,  sleeveless,  shoulder straps sleeves   Knitted satin  SatinGentle hand wash, wash with similar colors, do not iron, do not bleach, do not tumble dryThe model (height 5'8) is wearing a size S"
13676084,Vishudh Women Mustard Yellow Solid Hem Design Straight Palazzos,999.0,Mustard,Vishudh,http://assets.myntassets.com/assets/images/productimage/2021/2/15/d92ea56a-9eb4-4c9c-a546-655667c041d11613365179656-1.jpg,"A pair of Mustard yellow hem design woven straight fit Palazzos, opaque, and slip-on closureViscose RayonMachine wash"
19248604,Ginger by Lifestyle Maroon Solid Regular Sleeves Top,399.0,Maroon,Ginger by Lifestyle,http://assets.myntassets.com/assets/images/19248604/2022/7/25/65d3f4bd-73bb-44b2-af03-4adce914468f1658754109936GingerbyLifestyleRedSolidCottonBlendTops1.jpg,"  Maroon regular top   Solid   Scoop neck,  short,  regular sleeves   Knitted  The model (height 5'8) is wearing a size SMaterial: Cotton BlendMachine Wash"
14057768,THE WEAVE TRAVELLER Blue & Gold-Toned Woven Design Dupatta,790.0,Blue,THE WEAVE TRAVELLER,http://assets.myntassets.com/assets/images/14057768/2021/4/8/617e8d81-7597-4164-867c-d4471b7348541617899002318THEWEAVETRAVELLERWomenBlueWovenDesign1.jpg,Blue and Gold-toned woven design Dupatta and has a tasselled borderLength: 2.5 metresWidth: 1 metresMaterial: Cotton Blend  Hand Wash
16422102,Juelle Women Green Sweatshirt,2299.0,Green,Juelle,http://assets.myntassets.com/assets/images/16422102/2021/12/9/fc55f866-4f96-489e-8b8e-0992b2397adb1638991251423JuelleWomenGreenSweatshirt1.jpg,"Green solid sweatshirt has a mock collar,  2 pockets, long sleeves,  zip closure, straight hemThe model (height 5'8) is wearing a size SFleeceHand wash only"
13326920,People Women Black Solid Padded Jacket,3299.0,Black,People,http://assets.myntassets.com/assets/images/productimage/2020/12/29/10a600ae-a6ad-4ccb-8bdb-4caf524e19c61609216787579-1.jpg,"Black solid jacket, has a hooded, 2 pockets, snap button closure, long sleeves, straight hem, and unlined liningMaterial: 100%PolyesterDry CleanThe model (height 5'8"") is wearing a size S"
11581448,Sweet Dreams Women Pink & Green Heart Print Playsuit,1549.0,Pink,Sweet Dreams,http://assets.myntassets.com/assets/images/11581448/2020/3/30/621e245c-9371-4e68-9479-dbf9cc192cb21585550598422-Sweet-Dreams-Women-Jumpsuit-6081585550596920-1.jpg,"Pink and green heart print playsuit with waist tie-ups, has a round neck, short sleeves, button closure and two pocketsThe model (height 5'8'') is wearing a size SMaterial: Cotton BlendMachine Wash"
15816572,Fabindia Women Grey Solid Ethnic Top,2999.0,Grey,Fabindia,http://assets.myntassets.com/assets/images/15816572/2021/11/11/b108e532-ffb9-4fca-8e12-7a677be1f17c1636627374330WomenBlackRayonHandworkshortTopSweatersBlackberrysMenSweater1.jpg,"Grey regular topSolidRound neckShort, regular sleevesWovenButton closureOuter shell: 75% Silk, 20% metallised fibre, 5% PolyesterLining fabric: 100% CottonDry CleanThe model (height 5'8) is wearing a size S"
15502250,Rute Plus Size Women Pink Hooded Sweatshirt,2099.0,Pink,Rute,http://assets.myntassets.com/assets/images/15502250/2021/10/4/4ad95292-4ef9-4340-b522-3ba8f3729b321633346730691-Rute-Women-Sweatshirts-9201633346730015-1.jpg,"Pink solid sweatshirt has a hooded,  2 insert pocket pockets, sleeveless,  zip closure, straight hemThe model (height 5'8) is wearing a size XXLFleece  Hand wash"
14447520,Dupatta Bazaar Red & Silver-Toned Linen Dupatta,799.0,Red,Dupatta Bazaar,http://assets.myntassets.com/assets/images/productimage/2021/6/2/51807c48-da2c-4edf-97cc-785621548e531622649762613-1.jpg,"Red and silver-toned solid dupatta zari,  tasselled border235 cm * 90 cmLinen  Machine wash"
13593686,BEVERLY BLUES Women Black Solid Hooded Sweatshirt,1599.0,Black,BEVERLY BLUES,http://assets.myntassets.com/assets/images/13593686/2021/12/7/2dc77d12-e438-4634-b3b7-f24b7bc6ebf81638874503629-BEVERLY-BLUES-Women-Black-Solid-Hooded-Sweatshirt-2163887450-1.jpg,"Black solid sweatshirt, has a hood, long sleeves, zip closure, straight hemThe model (height 5'8"") is wearing a size SMaterial: 52% Cotton & 48% PolyesterMachine Wash"
1603852,W Green Sheer High Slit Longline Ethnic Jacket,1699.0,Green,W,http://assets.myntassets.com/assets/images/1603852/2018/9/4/d5516506-4060-475f-8dc3-1c6a701aa1b01536043070362-W-Green-Sheer-High-Slit-Longline-Ethnic-Jacket-321536043070149-1.jpg,"Green woven sheer longline ethnic jacket, has an open front, sleeveless, and high side slitsThe model (height 5'8"" and chest 33"") is wearing a size S100% polyesterHand-wash"
15633744,URBANIC White & Black Dyed Off-Shoulder Sleep Basic Jumpsuit,1490.0,White,URBANIC,http://assets.myntassets.com/assets/images/15633744/2021/10/4/8523756a-2aa9-4da2-89fd-e675eff76b1f1633329078957JeansURBANICWomenNightsuitsURBANICWomenClothingSetURBANICWom1.jpg,"White and black dyed sleep basic jumpsuit with waist tie-ups has an off-shoulder neck, long sleeves, waist tie-up detail, 2 pockets, slashed kneeThe model (height 5'8) is wearing a size SPolyesterMachine wash"
18948826,Nifty Women Navy Blue Slim Fit High-Rise Light Fade Jeans,1899.0,Navy Blue,Nifty,http://assets.myntassets.com/assets/images/18948826/2022/7/2/48c45748-bace-447f-b44a-9eff773be1ba1656759715399Jeans1.jpg,"  Dark shade,  light fade navy blue jeans   Slim fit,  high-rise   Clean look   Non stretchable   5 pocket   Length: cropped   Fit: Slim Fit  Non Stretchable  The model (height 5'8) is wearing a size 2898% cotton,2% elastaneMachine Wash"
12595490,Ahalyaa Women Rust Orange & Golden Printed One Sleeve Asymmetric Layered Tunic,1890.0,Rust,Ahalyaa,http://assets.myntassets.com/assets/images/12595490/2020/10/23/222da916-a171-48d5-a5f1-eccb378309821603453110900-Ahalyaa-Women-Tunics-4891603453109272-1.jpg,"Rust orange and golden printed Layered Tunic with gotta patti and ruffle detail, has stylised V-neck, three-quarter sleeves, and asymmetric hemThe model (height 5'8'') is wearing a size SMaterial: Polyester  Machine Wash"
7443833,Off White Printed Blouse,599.0,Off White,AKKRITI BY PANTALOONS,http://assets.myntassets.com/assets/images/productimage/2018/9/19/050c529a-16d3-4bd0-a761-e7a77556a62a1537346488617-1.jpg,"	Elaborately printed with bold buta motifs, highlighted with grindle panel on the front hemline and patterned with messy stripes on the yoke, this off-white top from Akkriti by Pantaloons will add cheerful, ethnic twist to your casual outfit. Also designed in soft and stretchy rayon fabric to lend superior wearing comfort, this sleeveless top will look beautiful with black palazzos and strappy sandals. 		Bold buta motifs printed on the front 		Messy stripe pattern on the yoke 		Grindle panel on the front hemline 		Contrasting back 		Classy round neckline 		Sleeveless cut 		Figure panel stitches on the sides of the bodice 		Hip length 		Straight hemlineModel is wearing size S and her height is 5'10"", bust 30"", waist 28"" and hips are 36"".Machine wash"
18189346,SHOWOFF Pink & Blue Printed Basic Jumpsuit,5595.0,Pink,SHOWOFF,http://assets.myntassets.com/assets/images/18189346/2022/7/27/6844d517-671c-4502-b992-625ed153115f1658944533029SHOWOFFPinkBluePrintedBasicJumpsuit1.jpg,"Pink and blue printed basic jumpsuit ,has a v-neck,  short sleeves,  2 pocketsMachine WashThe model (height 5'8) is wearing a size S"
15653164,Aprique FAB Women Mauve Solid Kurti,1499.0,Mauve,Aprique FAB,http://assets.myntassets.com/assets/images/15653164/2021/10/11/4825714f-1dc5-4192-9c45-4e05b8e7ecbb1633931006186ApriqueFABWomenMauveSolidKurti1.jpg,"Mauve A-line kurtiSolidMandarin collar, three-quarter, roll-up sleevesMachine weave regular cotton blendThe model (height 5'8) is wearing a size SCotton blend  Hand wash"
17272248,mf Women Orange Embroidered Unstitched Dress Material,2999.0,Orange,mf,http://assets.myntassets.com/assets/images/17272248/2022/2/24/6781bf22-aca8-4b95-be27-7398a13213101645703425653mfWomenOrangeDressMaterial1.jpg,"Orange embroidered unstitched dress material  Orange embroidered kurta fabric  Orange solid bottom fabric  Orange embroidered dupatta, has taping border  Disclaimer: Images are for referral purposes only. The actual product is unstitchedTop fabric length: 2.2 metersBottom fabric length: 2.4 metersDupatta length: 2.2 metres (approx)Dupatta Width : 35 InchTop Fabric : Chanderi SilkBottom Fabric : SantoonDupatta Fabric: NazneenFirst Wash Dry Clean There After Hand Wash"
16520650,Being Human Women Blue Super Skinny Fit Light Fade Jeans,2599.0,Blue,Being Human,http://assets.myntassets.com/assets/images/16520650/2021/12/15/33528426-b5ae-4a64-b1fa-f5cae146a2771639549382319BeingHumanWomenBlueSuperSkinnyFitLightFadeJeans1.jpg,"  Medium shade,  light fade blue jeans   Super skinny fit,  mid-rise   Clean look   Non stretchable   4 pocket   Length: cropped  98% COTTON 2% SPANDEX Fit: Super Skinny Fit  Non Stretchable  The model (height 5'8) is wearing a size 28"
13754380,Bitiya by Bhama Green & Off White Ready to Wear Lehenga with Blouse,3149.0,Green,Bitiya by Bhama,http://assets.myntassets.com/assets/images/productimage/2021/2/24/81e46b04-353d-4692-b584-4cee359e5bc91614173775864-1.jpg,"Green & Off White Ready to Wear Lehenga with BlouseOff white solid blouse, has shirt collar, button closure and three-quarter sleevesGreen ready to wear lehenga, flared hemBlouse fabric: SilkLehenga fabric: Cotton"
16091604,FITLEASURE Women Teal Blue Training or Gym Sporty Jacket,4499.0,Teal,FITLEASURE,http://assets.myntassets.com/assets/images/16091604/2021/11/15/380768bd-b1de-4632-8901-a14f3a6f072e1636962384097FITLEASUREWomenBlueLightweightCropTrainingorGymSportyJacket1.jpg,"Wanna stay sweat and humid free as you go for a run around the city? No worries Fitleasure has got you covered! Put on our latest Essential Jacket and charge up for your daily aerobic classes. These jackets come with a straight hem and concealed pockets so you can wear them as you run errands, slip in earphones and other workout essentials. This all-weather jacket comes with exclusive thumbhole sleeves that give you better grip during weight training sessions.Features/Garment Specifications* Ideal for running/ training* Straight Hem, long sleeves (Raglan)* Highly Elastic soft premium fabric comfortable during any weather* Concealed Pockets (Both Sides)* Thumb hole at sleeves for extra support* Regular fitThe model (height 5'8) is wearing a size S85% Polyester, 15% ElastaneMachine wash"
18969608,max Women Green Print Top,699.0,Green,max,http://assets.myntassets.com/assets/images/18969608/2022/7/5/15be793c-f45f-4210-9fdd-1473860495c31656986882413Tops1.jpg,"Green regular topConversational printV-neck, long, puff sleeve sleevesKnitted and woven100% PolyesterMachine washThe model (height 5'8) is wearing a size S"
17350320,Inddus Women Navy Blue & White Embroidered Thread Work Georgette Kurta,3299.0,Navy Blue,Inddus,http://assets.myntassets.com/assets/images/17350320/2022/3/14/450431ad-3530-4d08-889a-8b18fe7ff9eb1647240288847-Inddus-Navy-Blue-Embroidered-Kurta-1241647240288182-1.jpg,"  Colour: navy blue and white   Woven design embroidered   Round neck   Long,  regular sleeves   A-line shape with empire style   Thread work detail   Calf length with flared hem   Machine weave regular georgette   The model (height 5'8) is wearing a size STop: Georgette, Top Inner: Shantun, Dry Clean"
13908056,Miss Chase Women Navy Blue Open Front Jacket,2299.0,Navy Blue,Miss Chase,http://assets.myntassets.com/assets/images/productimage/2021/3/18/925abb79-7cb6-4606-ab79-b4be1a9b23871616084223752-4.jpg,"Navy Blue  jacket, has a collarless, button closure, straight hem, and i liningThe model (height 5'8"") is wearing a size SMaterial: Cotton"
18110246,SASSAFRAS Women Lavender & White Floral Printed Accordion Pleated A-Line Skirt,2099.0,Lavender,SASSAFRAS,http://assets.myntassets.com/assets/images/18110246/2022/5/12/e3329914-7591-43ac-94c4-6607af2dffc01652356608206-SASSAFRAS-Women-Lavender--White-Floral-Printed-Accordion-Ple-1.jpg,"Lavender and white floral printed a-line skirtAccordion pleatedGathered or pleated detailFlared hemMidi lengthSlip-on closure100% PolyesterMachine washThe model (height 5'8"") is wearing a size S"
17664758,KALINI Black Striped Zari Pure Cotton Saree,999.0,Black,KALINI,http://assets.myntassets.com/assets/images/17664758/2022/3/29/65ffaa42-c5c5-4430-a07b-9786e04e09da1648530151461KALINIWomenBlackSarees1.jpg, Design Details    Black saree   Striped saree with zari border   Has zari detail    The saree comes with an unstitched blouse piece
15364698,Mafadeny Women Pink Solid Pullover,1395.0,Pink,Mafadeny,http://assets.myntassets.com/assets/images/15364698/2021/9/6/5bbd64c1-ca66-4399-b360-372da98fd4dd1630919139024Sweaters1.jpg,"Pink solid pullover, has a round neck, long sleeves, ribbed hemThe model (height 5'8) is wearing a size SNylon  Hand wash"
16462740,Charukriti Beige & Peach-Coloured Woven Design Pure Cotton Taant Saree,3500.0,Beige,Charukriti,http://assets.myntassets.com/assets/images/16462740/2021/12/11/fffc7b30-5958-49c9-83ab-5015814915d71639225668816CharukritiWomenBeigeEmbellished1.jpg," Design Details    Beige and peach-coloured taant saree   Woven design woven design saree with woven design border    The saree does not come with a blouse pieceThe model is wearing a blouse for modelling purpose onlyPure CottonDo not tumble dry iron low heat professional dry clean, Do not bleachLength: 5.5 metres plus 0.8 metre blouse pieceWidth: 1.06 metres"
14204124,Harpa Mustard Regular Top,999.0,Mustard,Harpa,http://assets.myntassets.com/assets/images/productimage/2021/4/27/2b8bc906-d972-4ac6-9335-817c03157f351619542228745-1.jpg,"Mustard regular topSolidSquare neck, short, puff sleeve sleevesDetailKnittedTrend Story New basics: Fashion trends come and go, but a few manage to break the cycle and earn wardrobe-essential status. A basic, if you will. New Basics resurface year after year, and outfits wouldnt be the same without them. These pieces are tried-and-true wardrobe staples and act as the foundation to every good look.Fabric Story Polyester: Polyester is the wonder fiber of the 20th century, and makes for comfy durable garments with excellent elasticity. It's resistance to water-based stains and quick drying properties make it ideal for outdoor clothing.Care For Me Follow the fabric care label. Warm machine wash is recommended. Can be tumble dried in a cool setting. Prevent static build-up by drying while damp. Use low heat to iron.The model (height 5'8) is wearing a size SPolyester  Hand wash"
12629360,Roadster Women Rust Red Regular Fit Mid-Rise Clean Look Cargo Joggers Jeans,2099.0,Rust,Roadster,http://assets.myntassets.com/assets/images/12629360/2021/9/8/185cca2e-8451-49ef-9103-2d4e4800ad311631083395776-Roadster-Women-Rust-Red-Regular-Fit-Mid-Rise-Clean-Look-Carg-1.jpg,"Rust red coloured wash 6-pocket mid-rise cargo joggers jeans, clean look, no fade, and has a drawstring closureRegular FitThe model (height 5'8"") is wearing a size 28Material:100% CottonMachine Wash"
16990010,SASSAFRAS Women Blue Flared Fit High-Rise Jeans,2399.0,Blue,SASSAFRAS,http://assets.myntassets.com/assets/images/16990010/2022/2/14/00c53364-aaf1-406e-ab6a-49ea49dfa11e1644837315149-SASSAFRAS-Women-Jeans-3151644837314230-2.jpg,"Light shade, no fade blue jeansFlared fit, high-riseClean lookNon stretchable5 pocketLength: regular100% CottonMachine WashFit: Flared FitNon StretchableThe model (height 5'8) is wearing a size 28"
17291456,VASTRANAND Lavender Floral Beads and Stones Organza Saree,6200.0,Lavender,VASTRANAND,http://assets.myntassets.com/assets/images/17291456/2022/3/17/be6920ff-4c48-4702-aa7f-ff5e92ac44311647510607311-VASTRANAND-Lavender-Floral-Beads-and-Stones-Organza-Saree-88-1.jpg,Design Details Lavender sareeFloral printed saree with no borderHas beads and stones detailDisclaimer:The saree comes with an unstitched blouse pieceThe blouse worn by the model might be for modelling purpose only. Check the image of the blouse piece to understand how the actual blouse piece looks like.Saree Fabric: Organza Blouse Fabric: Art SilkFirst wash Dry cleanLength: 5.5 metres plus 0.8 metre blouse piece  Width: 1.06 metres (approx.)
10302529,FABNEST Women Grey Solid Basic Jumpsuit,2250.0,Grey,FABNEST,http://assets.myntassets.com/assets/images/10302529/2019/11/14/4e72cb19-dd34-430c-a3f5-89a8b133435a1573714748355-FABNEST-Women-Grey-Solid-Basic-Jumpsuit-1951573714747220-1.jpg,"Grey solid basic jumpsuit, has a round neck, three-quarter sleevesThe model (height 5'8'') is wearing a size SViscose RayonMachine-wash"
18299976,Rang Gali Women Bright Orange Dupatta,1940.0,Orange,Rang Gali,http://assets.myntassets.com/assets/images/18299976/2022/5/31/c81c2b76-a7a2-4d51-b1dd-2cd7b8ed3aa41653987700336-Bandhej-Silk-Dupatta-901653987699933-1.jpg,"Get ready to be showered with compliments when you don this trendy dupatta. Crafted with a printed pattern and taping border, this piece looks appealing. Bright orange colourPrinted tie & dye 2.0 dupattaTaping borderArt silk, hand washTrend AlertWith origins in Thailand, Tie & Dye 2.0 is a fabric dyeing method that features a coloured background, unlike the traditional Tie & Dye method. It looks distinct and exudes a vibrant charm.70% Silk ,30% ChinonHand washLength: 3 metres  Width: 90 cm"
13039014,STREET 9 Women Pink Printed Sweatshirt,1699.0,Pink,STREET 9,http://assets.myntassets.com/assets/images/productimage/2020/11/20/10277a38-0f0d-4b6f-96cb-5e47c7b46aa91605881062492-1.jpg,"Pink printed sweatshirt, has a round neck,  straight hemMaterial: 100% CottonMachine WashThe model (height 5'8"") is wearing a size S"
13842962,SASSAFRAS Women Peach-Coloured & Black Geometric Printed Playsuit,1599.0,Peach,SASSAFRAS,http://assets.myntassets.com/assets/images/13842962/2021/3/19/7ab7793c-690b-462b-9388-d2726df153cd1616140483124TopsSASSAFRASWomenJumpsuitSASSAFRASWomen1.jpg,"Peach-Coloured printed playsuit, has a V-neck, three-quarter sleeves and button closureThe model (height 5'8'') is wearing a size SMaterial: Polyester  Machine Wash"
18395182,ARTICALE Women Off White Solid Slim Fit Cotton Sport Shorts,1699.0,Off White,ARTICALE,http://assets.myntassets.com/assets/images/18395182/2022/5/24/c4506d94-73f2-41ad-9812-dc349c4965401653371783588ARTICALEWomenOffWhiteSlimFitShorts1.jpg,"Off white solid mid-rise sport shorts, has 2 pockets, drawstring closureDisclaimer: The Shorts seen in the image can be paired with the product 18431216 and 18394950, it can be purchased separately.Cotton, PolyesterHand washSlim Fit  The model (height 5'8) is wearing a size 28"
17694100,Antheaa Women Navy Blue Embellished Pencil Skirt,2259.0,Navy Blue,Antheaa,http://assets.myntassets.com/assets/images/17694100/2022/4/11/0a30ec5b-b4f5-43f5-98a5-879dbec7417e1649676526080-Antheaa-Women-Skirts-1371649676525437-1.jpg,"Navy Blue Embellished Pencil Skirt, has a straight hem, partially elasticated waistband with slip-on closurePolyesterHand WashSize worn by the model: 28Waist: 24""Hips: 34""Height: 5'5''"
10675122,Aayna Women Off-White Solid Flared Palazzos,1300.0,Off White,Aayna,http://assets.myntassets.com/assets/images/productimage/2019/9/17/97bb872d-e12c-49fc-9365-51f28f332ef51568723257062-1.jpg,"A pair of Off-white solid woven flared fit Palazzos, opaque, and slip-on closureThe model (height 5'8"") is wearing a size 28100% CottonMachine-wash"
18283242,Swtantra Grey & Golden Pure Chiffon Saree,2999.0,Grey,Swtantra,http://assets.myntassets.com/assets/images/18283242/2022/5/16/8ea9a9c9-0d13-4852-a70c-a71a1ee617671652698768974SwtantraWomenGreySarees1.jpg," Design Details    Grey and gold-toned saree   Solid saree with no border    The saree does not come with a blouse pieceThe model is wearing a blouse for modelling purpose onlyLength: 5.5 metres plus 0.8 metre blouse piece  Width: 1.06 metres (approx.)A textured chiffon with slight gold sheen. Handwash with delicate detergent, steam or medium heat iron."
16337684,Tokyo Talkies Women White Flared Parallel Trousers,2499.0,White,Tokyo Talkies,http://assets.myntassets.com/assets/images/16337684/2021/12/2/0f93ea98-4efc-41df-900e-5b557a4fa3fe1638445704474TokyoTalkiesWomenWhiteFlaredParallelTrousers1.jpg,"  White woven parallel   Flared   Mid-rise   Length:  cropped   Pattern: solid   Flat-front, with no pleats design   Feature:  plain   2 pockets   Fit: Flared  The model (height 5'8) is wearing a size 28COTTON LYCRA Machine wash"
14071530,DressBerry Women Mustard Yellow Solid Cardigan,2299.0,Mustard,DressBerry,http://assets.myntassets.com/assets/images/14071530/2021/9/10/1e01b299-9995-44df-93bb-e8e9882849f21631258344071-DressBerry-Women-Shrug-5431631258343504-1.jpg,"Mustard yellow solid cardigan ,has a v-neck, long sleeves, button closure, ribbed hemAcrylicMachine washThe model (height 5'8) is wearing a size S"
19043892,max Plus Women Blue Mandarin Collar Top,899.0,Blue,max,http://assets.myntassets.com/assets/images/19043892/2022/7/11/3e7a1492-62d5-4233-8ef3-450b7d0a8dbb1657506556796maxBlueMandarinCollarTop1.jpg,"  Blue regular top   Solid   Mandarin collar,  long,  regular sleeves   Knitted and woven  The model (height 5'8) is wearing a size XLPolyester Machine Wash"
17184396,AHIKA Women Peach-Coloured Ethnic Motifs Printed Gotta Patti Pure Cotton Kurta with Trousers & With Dupatta,3997.0,Peach,AHIKA,http://assets.myntassets.com/assets/images/17184396/2022/2/17/82e22126-0d9b-40fa-9702-23132fe3d39c1645073332435AHIKAWomenPeach-ColouredEthnicMotifsPrintedPureCottonKurtawi1.jpg,Peach-coloured printed Kurta with Trousers with dupattaKurta design: Ethnic motifs printedStraight shapeRegular styleRound neckThree-quarter regular sleevesGotta patti detailCalf length with straight hemPure cotton machine weave fabricTrousers design: Printed TrousersPartially elasticated waistbandSlip-on closurePure cottonWash Separately and Medium to High ironThe model (height 5'8) is wearing a size S
18122478,PERFECTBLUE Mustard Yellow & Fuchsia Floral Woven Design Saree,2999.0,Mustard,PERFECTBLUE,http://assets.myntassets.com/assets/images/18122478/2022/6/14/a9e905aa-839e-4eed-8d7d-b361e5305ec71655201990145-PERFECTBLUE-Mustard-Yellow--Fuchsia-Floral-Woven-Design-Sare-1.jpg,Design Details Mustard yellow and fuchsia sareeFloral woven design saree with woven design borderThe saree comes with an unstitched blouse pieceThe blouse worn by the model might be for modelling purpose only. Check the image of the blouse piece to understand how the actual blouse piece looks like.Length: 5.5 metres plus 0.8 metre blouse piece  Width: 1.06 metres (approx.)Silk CottonDry Clean Only
18246068,Puma Women Pink Lightweight Padded Jacket,6999.0,Pink,Puma,http://assets.myntassets.com/assets/images/18246068/2022/5/16/be5e18fb-90e8-49e7-b4ed-380c4c3c51b91652648793573Jackets1.jpg,"Pink solid padded jacket, has a mock collar, 2 pockets ,has a zip closure, long sleeves, hem with toggle hemline, polyester liningPRODUCT STORY :Featuring a cozy padded body for ultimate comfort, the PUMA Lightweight Padded Women's Jacket is a must-have modern essential. Cold weather can't stop you from being the free bird you arePolyesterMachine WashClose all fasteningsUse only mild detergentWash with similar colorThe model (height 5'8) is wearing a size S"
18642956,URBANIC Women Yellow Ribbed Co-Ords,1690.0,Yellow,URBANIC,http://assets.myntassets.com/assets/images/18642956/2022/6/6/4e057146-deaa-4941-9e35-c6ce4302afff1654513730617Co-Ords1.jpg,"Yellow solid ribbed co-ords consists of a top and skirtYellow solid crop top, has a square neck, long sleevesYellow solid straight skirt, has a waistband with slip-on closure, and a straight hemPolyesterHand wash"
16178902,Orchid Blues Women Blue Flared High-Rise Belted Jeans,1999.0,Blue,Orchid Blues,http://assets.myntassets.com/assets/images/16178902/2021/11/19/c09f0c26-9c2f-4e90-960c-a66c3b7f9ec21637327910508Jeans1.jpg,"Medium shade, no fade blue jeansRegular fit, high-riseClean lookNon stretchable2 pocketsLength: croppedComes with a belt Fit: Regular Fit  Non Stretchable  The model (height 5'8) is wearing a size 28100% PolyesterMachine wash"
19055712,Monte Carlo Women Orange cardigan,2080.0,Orange,Monte Carlo,http://assets.myntassets.com/assets/images/19055712/2022/7/11/7c141d20-e68e-48f2-a6c8-92c0fb0b80211657546153210MonteCarloWomenOrangeSweaterVest1.jpg,"Orange solid sweater vest ,has a v-neck,  long sleeves,  button closure, ribbed hemBlend Wooldry cleanThe model (height 5'8) is wearing a size S"
15243876,Suta Brown & Black Polka Dots Printed Pure Cotton Saree,3000.0,Brown,Suta,http://assets.myntassets.com/assets/images/15243876/2022/7/29/7845caff-5733-4f92-bccc-5a283878933f1659081867259SutaBrownBlackPolkaDotsPrintedPureCottonSaree1.jpg,"Suta Women Brown Black Polka dots printed Pure Cotton Saree. This saree is made by Suta Pvt. Ltd. It is made from Mul and finished in Brown ColourPattern: PrintedLength=5.5 Meters, Width= 1.2 MetersSaree fabric:  Pure Cotton  Hand wash"
19012272,Grubstaker Women Black & Red Woven Design Zari Pure Cotton Kanjeevaram Saree,1285.0,Black,Grubstaker,http://assets.myntassets.com/assets/images/19012272/2022/7/7/61e27b34-8cf3-4905-a62f-fc256ec8fc231657213001923GrubstakerBlackRedWovenDesignZariPureCottonKanjeevaramSaree1.jpg, Design Details    Black and red kanjeevaram saree   Woven design woven design saree with woven design border   Has zari detail    The saree comes with an unstitched blouse piece
15050904,Satrani White & Peach-Coloured Floral Embroidered Unstitched Dress Material,4491.0,White,Satrani,http://assets.myntassets.com/assets/images/15050904/2021/8/6/2544d315-ae90-4b22-9284-63df57539f061628247891949SatraniWhiteAndOrangePolyCottonEmbroideryUnstitchedDressMate1.jpg,"White and peach-coloured, yellow embroidered unstitched dress materialWhite and peach-coloured embroidered kurta fabricPeach-coloured solid bottom fabricYellow and pink striped dupatta, has embellished borderDisclaimer: Images are for referral purposes only. The actual product is unstitchedTop fabric length: 2 metres Bottom fabric length: 2 metres Dupatta length: 2.10 metresTop fabric: Cotton blendBottom fabric: ShantoonDupatta fabric: Poly georgetteDry clean"
17370188,DIVASTRI Green & Gold-Toned Ready to Wear Lehenga & Unstitched Blouse With Dupatta,5999.0,Green,DIVASTRI,http://assets.myntassets.com/assets/images/17370188/2022/3/3/f02a3704-7dbc-4b91-8b4d-df137a6ee3941646326197677DIVASTRIWomenGreenLehengaCholi1.jpg,"Green and gold-toned woven design lehenga choli with dupatta,Green and gold-toned woven design unstitched blouse, has a round neck, long sleevesGreen and gold-toned woven design ready to wear lehenga, has drawstring closure, straight hemGreen and gold-toned solid dupatta, taping borderBlouse fabric: Art silkLehenga fabric: Art silkLehenga lining: CottonDupatta fabric:NetDry cleanDupatta: 2.2 x 0.76 meters"
15803276,STREET 9 Blue Basic Jumpsuit,2299.0,Blue,STREET 9,http://assets.myntassets.com/assets/images/15803276/2021/10/21/4f95bcc7-6ee7-4a38-97c2-68ee6b1c40d51634813211494-STREET-9-Women-Jumpsuit-7601634813211001-1.jpg,"Blue solid basic jumpsuit ,has a shirt collar,  long sleeves,  2 pockets100% CottonMachine-washThe model (height 5'8) is wearing a size S"
11665648,Vastraa Fusion Women Pink Solid Chanderi Flared Maxi Skirt,1999.0,Pink,Vastraa Fusion,http://assets.myntassets.com/assets/images/11665648/2020/8/4/39bc7e32-8cdf-4095-81b2-71a3476475151596521100645VastraaFusionWomensChanderiMaxiSkirtMagenta1.jpg,"Pink solid flared maxi skirt, has partially elasticated waistband with concealed zip closure, flared hem, and an attached liningThe model (height 5'8"") is wearing a OnesizeChanderiMachine-wash"
13944296,MANGO Women Navy Blue Solid Tailored Jacket,3590.0,Navy Blue,MANGO,http://assets.myntassets.com/assets/images/13944296/2021/8/26/e529b601-b2d0-4a47-a2f2-aac9fcac90dc1629979085357MANGOWomenNavyBlueSolidTailoredJacket1.jpg,"Navy Blue solid tailored jacket, has a spread collar, 2 oversized flap pockets, button closure, sleeveless, straight hem, and polyester liningThe model (height 5'8"") is wearing a size SMaterial: Polyester  Dry Clean"
17281592,Moda Rapido Women Red & White Quirky Print Square Neck Pure Cotton A-line Kurta,2699.0,Red,Moda Rapido,http://assets.myntassets.com/assets/images/17281592/2022/5/10/e8311bc5-e8d7-4736-ade9-2d983abcb6061652172056700-Moda-Rapido-Women-Kurtas-161652172056256-1.jpg,"Colour: red and whiteQuirky printSquare neck, lace insertsThree-quarter, puff sleevesA-line shape with regular styleCalf length with flared hemWoven regular cotton100% CottonMachine washSize worn by the model: SChest: 31""Height: 5'8''"
18507630,FREAKINS Women Black High-Rise Straight Fit Jeans,1999.0,Black,FREAKINS,http://assets.myntassets.com/assets/images/18507630/2022/5/30/74721dc4-6eaf-4b11-9225-e2cca44d19e91653928445909Jeans1.jpg,"Stay in vogue by donning this trendy pair of jeans for your next casual outing. This charming pair of jeans comes with a lovely straight fit and a high-rise waist. Black colourStraight FitHigh-Rise waistRegular lengthCotton, Machine WashMachine Wash Fit: Straight Fit  Non Stretchable  The model (height 5'8) is wearing a size 28"
19223592,Sangria Yellow & Turquoise Blue Colourblocked Pure Chiffon Saree,1700.0,Yellow,Sangria,http://assets.myntassets.com/assets/images/19223592/2022/7/22/8d63f065-e04b-4bc5-bca8-e012b07dbe941658493195001SangriaWomenMultiSarees1.jpg, Design Details    Yellow and turquoise blue saree   Colourblocked striped saree with no border    The saree comes with an unstitched blouse piece
16607222,HERE&NOW Women Light Blue Mid-Rise Skinny Fit Heavy Fade Cropped Jeans,1799.0,Blue,HERE&NOW,http://assets.myntassets.com/assets/images/16607222/2022/7/20/893e58cb-cc6e-4a42-a43f-37de99252f181658295732164-HERENOW-Women-Light-Blue-Mid-Rise-Skinny-Fit-Heavy-Fade-Crop-1.jpg,"Light shade, heavy fade blue jeansSkinny fit, mid-riseClean lookNon stretchable5 pocketLength: cropped71% Cotton 27% Polyester 2% ElastaneMachine-washFit: Skinny FitNon StretchableThe model (height 5'8) is wearing a size 28"
15386590,GRACIT Women Pack of 2 Red & Maroon Cycling Sports Shorts,1198.0,Red,GRACIT,http://assets.myntassets.com/assets/images/15386590/2021/9/7/47e7bdf3-4ff4-4d41-b100-be6915109a571630998685413GRACITWomenRedSportsShorts1.jpg,"Pack of 2 Maroon & Red solid mid-rise cycling sports shorts, has slip-on closureCotton ,  Machine washRegular Fit  The model (height 5'8) is wearing a size 28"
15855506,Purple State Women Grey Flared Palazzos,1999.0,Grey,Purple State,http://assets.myntassets.com/assets/images/15855506/2021/10/19/cc695d30-18dc-4da0-bfa4-579596dc9bfe1634638656800WomenGreySolidFlaredPalazzos1.jpg,  Grey woven palazzos   Solid   Opaque   Flared fit   Partially elasticated waistband   Length: regular   Woven viscose rayon fabric  Flared fit  The model (height 5'8) is wearing a size SViscose RayonMachine Wash
18128680,People Women Black Solid Denim Jacket,1899.0,Black,People,http://assets.myntassets.com/assets/images/18128680/2022/5/3/4a227557-4ab9-4aab-8083-0c65221643241651549727630PeopleWomenBlackDenimJacket1.jpg,"Black solid printed denim jacket,  has a spread collar,  2  pockets ,has a button closure, long sleeves,  straight  hemline, cotton  liningThe model (height 5'8) is wearing a size S100% Cotton DenimMachine Wash"
17284450,Shaftesbury London Women Beige Checked Slim-Fit Single-Breasted Formal Blazer,7999.0,Beige,Shaftesbury London,http://assets.myntassets.com/assets/images/17284450/2022/4/6/a46e32fb-3a7e-40ca-9b98-e5c8cf8d28501649241379985ShaftesburyLondonWomenBeigeCheckedSlim-FitSingle-BreastedFor1.jpg,"Beige & Black Checked Slim-Fit Single-Breasted Formal Blazer, has a notched lapel, single-breasted with button closure, long sleeves, straight back hem, two pockets and one pocket in liningCotton BlendLining: SatinDry Clean onlySlim-fitThe model (height 5'8"") is wearing a size S"
17876682,GRIFFEL Women Coffee Brown T-shirt with Pyjamas,3599.0,Coffee Brown,GRIFFEL,http://assets.myntassets.com/assets/images/17876682/2022/4/13/23b39a84-2ea0-4aa5-a8e7-5dd24604f09c1649851123867ClothingSet1.jpg,"This set consists of T-shirt and PyjamasCoffee brown solid T-shirt ,has a round neck, short sleevesCoffee brown solid Pyjamas ,has a drawstring closureThe model (height 5'8) is wearing a size SPure CottonMachine Wash"
18894176,Fashionuma Green & Gold-Toned Embroidered Semi-Stitched Lehenga & Blouse With Dupatta,4699.0,Green,Fashionuma,http://assets.myntassets.com/assets/images/18894176/2022/6/29/e6091684-8eb9-482d-9a13-8a0ce9fc33bd1656491174531FashionumaGreenGold-TonedEmbroideredSemi-StitchedLehengaBlou1.jpg,"Green and gold-toned embroidered lehenga choli with dupatta,   Green and gold-toned embroidered semi-stitched blouse,  has a round neck,  short sleeves,  green and gold-toned embroidered semi-stitched lehenga, flared hem  Green and gold-toned solid dupatta,  borderLehenga Fabric : Mono banglory || Blouse Fabric : Mono banglory || Duptta Fabric : Net|| Inner Fabric : Creap Wash Care: Dry clean for the first wash, there after hand washLehenga Flare : 3 MTR || Lehenga Length : 42 INCH ||Lehenga Waist Size : Up to 42(Inch) || Blouse Length : 0.8 MTR || Duptta Length : 2.25 MTR  Fit : Regular"
18410560,Rain & Rainbow Green & Red Gather A-Line Print Top,1695.0,Green,Rain & Rainbow,http://assets.myntassets.com/assets/images/18410560/2022/6/2/998d2fd8-0065-4a8d-8fe3-439f509e23251654166440360-Rain--Rainbow-Women-Tops-1591654166439882-1.jpg,"  Green and red regular a-line top   Ethnic motifs print   Square neck,  three-quarter,  regular sleeves   Gathered or pleated detail   Woven cotton  Pure CottonSize worn by the model: SChest: 32.5""Height: 5'7"""
16707604,MANGO Women Green Cable Knit Pullover,3590.0,Green,MANGO,http://assets.myntassets.com/assets/images/16707604/2022/3/17/f64e9940-ae91-4382-9447-739c13fc1cfe1647509074926-MANGO-Women-Sweaters-1361647509074723-1.jpg,"Green self design pullover ,has a round neck,  long sleeves,  ribbed hemThe model (height 5'8) is wearing a size S76% polyester,19% acrylic,4% wool,1% elastaneHand wash"
19186664,FabAlley Black Halter Neck Basic Jumpsuit,2600.0,Black,FabAlley,http://assets.myntassets.com/assets/images/19186664/2022/7/20/11cdfd39-ffab-401d-b02e-05a3d59aadbc1658311269003FabAlleyBlackHalterNeckBasicJumpsuit1.jpg,"Black solid basic jumpsuit ,has a halter neck,  sleeveless,  2 pocketsThe model (height 5'8) is wearing a size S95% POLYESTER, 5% SPANDEX"
16200988,Campus Sutra Women Navy Blue Slim Fit Jeans,1899.0,Navy Blue,Campus Sutra,http://assets.myntassets.com/assets/images/16200988/2021/11/22/a0ac3e4b-05a5-4bfd-af1a-f4cc29a33c591637576785841CampusSutraWomenNavyBlueSlimFitJeans1.jpg,"  Dark shade,  no fade navy blue jeans   Slim fit,  mid-rise   Clean look   Non stretchable   Na pocket   Length: cropped  Gentle Machine Wash Fit: Slim Fit  Non Stretchable  The model (height 5'8) is wearing a size 28"
19134992,AYKA CLOTHINGS Brown & Red Printed Viscose Rayon Unstitched Dress Material,5997.0,Brown,AYKA CLOTHINGS,http://assets.myntassets.com/assets/images/19134992/2022/7/16/5c32e479-bbc6-47f2-ab48-bf8a2bc07d661657951614250AYKACLOTHINGSBrownRedPrintedViscoseRayonUnstitchedDressMater1.jpg,"Brown and red printed unstitched dress material  Brown and red printed kurta fabric  Brown and red embellished bottom fabric  Brown and red printed dupatta, has printed border  Disclaimer: Images are for referral purposes only. The actual product is unstitchedViscose RayonDry Clean OnlyKurta Fabric Length:-1.80 Meter,Bottom Fabric Length:-1.30 Meter,Dupatta Fabric Length:-2.20 Meter"
19345444,Apraa & Parma Women Black Pack of 3 Slim Fit Cycling Sports Shorts,2079.0,Black,Apraa & Parma,http://assets.myntassets.com/assets/images/19345444/2022/8/2/913077eb-1f6b-4b9c-b98c-003d54924a3b1659424285363ApraaParmaWomenBlackSlimFitCyclingSportsShorts1.jpg,"Black, white ,navy blue solid mid-rise cycling sports shorts, has slip-on closure100% CottonSlim Fit  The model (height 5'8) is wearing a size 28"
16189356,Mitera Burgundy Solid Ready to Wear Saree,5700.0,Burgundy,Mitera,http://assets.myntassets.com/assets/images/16189356/2021/12/3/015594f7-6e1a-4820-842e-5c2d3bda7f911638506613092MiteraBurgundyMirrorWorkReadytoWearShararaSareeSareesMiteraW1.jpg,"Design Details Burgundy sareeSolid saree with no borderHas sequinned detailComes with a beltDisclaimer: The model is wearing the stitched blouse that comes with the sareeSaree: NylonBlouse: Pure georgetteDry cleanThe model (height 5'8"") is wearing a one size"
1230929,BIBA Blue High-Low Top,999.0,Blue,Biba,http://assets.myntassets.com/assets/images/1230929/2017/5/19/11495186486858-BIBA-Blue-High-Low-Top-1751495186486567-1.jpg,"Blue woven top, has a round neck, short grown-on sleeves, and a high-low hemline 100% viscoseMachine-wash coldThe model (height 5'8'') is wearing a size S"
15520698,Indo Era Women Navy Blue Floral Yoke Design Kurta,2599.0,Navy Blue,Indo Era,http://assets.myntassets.com/assets/images/15520698/2021/10/6/addad522-eb27-4f11-9420-ec60366f343e1633500591488-Indo-Era-Women-Navy-Blue-Floral-Yoke-Design-Kurta-9211633500-1.jpg,"  Colour: navy blue   Floral yoke design   Round neck   Three-quarter,  regular sleeves   Straight shape with regular style   Calf length with straight hem   Machine weave regular cotton  Cotton  Dry clean The model (height 5'8) is wearing a size S"
16710820,Readiprint Fashions Green & Gold-Toned Sequinned Semi-Stitched Lehenga & Unstitched Blouse,11700.0,Green,Readiprint Fashions,http://assets.myntassets.com/assets/images/16710820/2022/1/18/521e59e2-18e6-43c9-8901-fa258269f9f51642499137126RawSilkFabricGreenColorLehengaCholiwithDupattainEmbroideredS1.jpg,"Green and gold-toned embroidered lehenga choli with dupatta,  sequinned  Green and gold-toned embroidered unstitched blouse,  has a round neck,  short sleeves,  green and gold-toned embroidered semi-stitched lehenga, has drawstring closure, curved hem  Green and gold-toned embellished dupatta,  taping borderLehenga fabric: Raw SilkBlouse fabric: Raw SilkLehenga lining fabric: Poly CrepDupatta fabric: Net Care: Dry WashCholi at Bust: Customizable upto 42 Lehenga waist: Customizable upto 40 Lehenga Length: 42 inchesLehenga Flare: 3.10meterDupatta Length: 2.20 meterDupatta Width: 1.00 meter"
12824908,DIVASTRI Cream-Coloured & Pink Embroidered Semi-Stitched Lehenga & Unstitched Blouse with Dupatta,5999.0,Cream,DIVASTRI,http://assets.myntassets.com/assets/images/12824908/2021/4/1/4b3808e8-a85a-482c-af51-a4964a2a2ced1617266264769-DIVASTRI-Women-Lehenga-Choli-381617266263378-1.jpg,"Cream-Coloured and pink embroidered lehenga choli with dupatta, has thread workCream-Coloured and pink embroidered unstitched blouse, has a mandarin collar, short sleevesCream-Coloured and pink solid semi-stitched lehenga, has drawstring closure, flared hemCream-Coloured and pink solid dupatta, has solid borderDupatta legnth:2.10 mtr,dupatta width:34 inch,Dupatta fabric:NetBlouse fabric: Silk BlendLehenga fabric: NetLehenga lining fabric: CottonDupatta fabric: Net"
17988966,Flying Machine Women White Straight Fit High-Rise Clean Look Jeans,1899.0,White,Flying Machine,http://assets.myntassets.com/assets/images/17988966/2022/6/16/a44c72ee-098b-47b5-bd07-907272f7d45a1655379275510-Adults-Women-100-cotton-Straight-Fit-High-Rise-Black-Jeans-9-1.jpg,"  Coloured shade,  no fade white jeans   Straight fit,  high-rise   Clean look   Non stretchable   5 pocket   Length: regular  100% CottonMachine wash cold, wash dark colors separatelyFit: Straight FitNon StretchableSize worn by the model: 28Waist: 28""Hips: 38""Height: 5'7"""
11579058,Clora Creation Red & Gold-Coloured Polka Dot Woven Design Dupatta,899.0,Red,Clora Creation,http://assets.myntassets.com/assets/images/productimage/2020/2/26/deb5e323-771d-4647-9a68-0c9fd90785cb1582671003971-1.jpg,"Red and gold-coloured woven design dupatta, has a solid borderLength: 2.1 mWidth: 0.9 mMaterial: Silk Blend Hand Wash"
17235076,RAREISM Orange & Sea Green Modal Printed Playsuit,3699.0,Orange,RAREISM,http://assets.myntassets.com/assets/images/17235076/2022/2/21/a5851634-7c4c-4628-b025-9d7ebb9e41d91645444748939Jumpsuit1.jpg,"Orange and sea green printed playsuit with waist tie-ups ,has a shirt collar, short sleeves, 2 pocketsModalHand washThe model (height 5'8) is wearing a size S"
15953986,Tokyo Talkies Women Black Solid Slim-Fit Straight Skirt,2599.0,Black,Tokyo Talkies,http://assets.myntassets.com/assets/images/15953986/2022/1/29/05eae67c-a00f-4c6a-9ee6-66307d1bf08b1643433896259-Tokyo-Talkies-Women-Black-Solid-Slim-Fit-Straight-Skirt-9111-1.jpg,"Leather Black solid skirt, has a slip-on closure, two pockets, straight hemThe model (height 5'6"") is wearing a size SFaux LeatherMachine Wash"
14072138,DressBerry Woman Deep Navy Blue Conversational Knitted Sweater,2099.0,Navy Blue,DressBerry,http://assets.myntassets.com/assets/images/14072138/2021/12/7/e21cc7ba-44d2-47d8-b162-14ee327d63301638870273003-DressBerry-Women-Navy-Blue--Red-Self-Design-Cardigan-9201638-1.jpg,"Stylish and comfortable, this sweater is the perfect layering piece. The beautiful detailing of the V-neck and long sleeves of this sweater will make you feel gorgeous. Navy Blue shadeElegant conversational printV-neckLong sleevesAcrylic, machine washTrend AlertKnits are fabrics that are made from the process of inter-looping of yarns or inter-meshing of loops. They are used to make different types of clothing and are wrinkle-resistant and durable.The model (height 5'8) is wearing a size SAcrylic  Machine wash"
14136206,STREET 9 Women Green Solid Satin Finish Accordion Pleated Maxi A-Line Skirt,1999.0,Green,STREET 9,http://assets.myntassets.com/assets/images/productimage/2021/4/19/e04b9bc2-5371-4fd3-b8ed-96ccc12b0fce1618814756896-1.jpg,"Green satin finish solid accordion pleats woven maxi A-Line skirt, has an elasticated waistband, flared hemThe model (height 5'8'') is wearing a size 28PolyesterMachine-wash"
11414716,Dupatta Bazaar Pink & Gold-Coloured Embroidered Dupatta,1299.0,Pink,Dupatta Bazaar,http://assets.myntassets.com/assets/images/productimage/2020/1/29/b8ab6d4b-6a88-42ef-942c-a94d15fefae41580251667404-1.jpg,"Pink and Gold-toned embroidered Dupatta, gotta patti, and has a tasselled borderMaterial: Silk Blend Hand WashLength: 2.30 mWidth: 0.9 m"
13956738,Anubhutee Maroon & White Geometric Printed Pleated Kurti,1739.0,Maroon,Anubhutee,http://assets.myntassets.com/assets/images/13956738/2021/6/7/e30f7b4d-2be5-4eef-b260-ee8ac84801c21623044892154MarksSpencerWomenPinkWhitePrintedLoungeT-shirtTopsMarksSpenc1.jpg,"  Maroon and white straight kurti   Geometric printed   Round neck,  short,  regular sleeves   Machine weave regular viscose rayon  The model (height 58) is wearing a size SViscose rayon  Hand wash"
15399578,DILLINGER Women Tie and Dye Oversized Sweatshirt,1499.0,White,DILLINGER,http://assets.myntassets.com/assets/images/15399578/2021/9/25/be37480d-4de4-4294-b39d-d1716bd089f01632566932294-DILLINGER-Women-Multicoloured-Colourblocked-Sweatshirt-60416-1.jpg,"White and pink tie and dyesweatshirt has a round neck, 2 kangaroo pocket pockets, long sleeves, closure, straight hemThe model (height 5'8) is wearing a size SCotton  Machine wash"
15396856,MANGO Women Beige High-Rise Culottes Trousers,3590.0,Beige,MANGO,http://assets.myntassets.com/assets/images/15396856/2021/9/21/dc87304a-f971-472e-a750-0c9ecd58a3c81632223321639-MANGO-Women-Beige-High-Rise-Culottes-Trousers-75416322233212-1.jpg,"  Beige woven culottes   Regular fit   High-rise   Length:  regular   Pattern: solid   Flat-front, with no pleats design   Feature:  plain  74% Viscose,13% Polyester, 13% LinenLining: 88% Polyester,12% ElastaneMachine washFit: Regular FitThe model (height 5'8) is wearing a size 28"
15194458,Shae by SASSAFRAS Women Navy Blue & Gold Floral Jacquard Lightweight Peplum Jacket,2299.0,Navy Blue,Shae by SASSAFRAS,http://assets.myntassets.com/assets/images/15194458/2021/9/3/bd4e8b2a-9766-4036-803b-ad4e3847f3e41630666521711THEDRYSTATEWOMENGRAPHICTSHIRTDressesShaebySASSAFRASWomenDres1.jpg,"Navy blue floral self design lightweight Self-Belt Peplum Jacket, has a collarless, pockets ,has a button closure, long sleeves, curved hemline, cotton liningOuter shell: JacquardLining fabric: CottonDry cleanThe model (height 5'8) is wearing a size S"
18779510,max Women Multicoloured Floral Printed Trousers,999.0,Multi,max,http://assets.myntassets.com/assets/images/18779510/2022/6/18/6f77ce85-cec5-4a6e-a686-5350e68d35171655563276879Trousers1.jpg,"  Multicoloured knitted parallel   Regular fit   Mid-rise   Length:  regular   Pattern: floral printed   Flat-front, with no pleats design   Feature:  plain   Na pockets   Fit: Regular Fit  The model (height 5'8) is wearing a size 28POLYESTER ELASTANE"
10451770,WEAVERS VILLA Women Black & Beige Woven Design Shawl,2450.0,Black,WEAVERS VILLA,http://assets.myntassets.com/assets/images/10451770/2019/8/27/ef383e4a-151a-428c-801c-1253bb06387d1566884906480-WEAVERS-VILLA-Women-Shawl-5751566884905956-1.jpg,"Black and beige woven design shawl, has frayed endsLength: 2 metresWidth: 1 metreWool and pashmina blendDry-clean"
18636642,Ginger by Lifestyle Women Purple High-Rise Trousers,999.0,Purple,Ginger by Lifestyle,http://assets.myntassets.com/assets/images/18636642/2022/6/6/ee375cfb-13ce-46cc-94fd-1708dd9030411654519822153GingerbyLifestyleWomenPurpleHigh-RiseTrousers1.jpg,"  Purple knitted trousers   Regular fit   High-rise   Length:  regular   Pattern: solid   Flat-front, with no pleats design   Feature:  plain   Na pockets   Fit: Regular Fit  The model (height 5'8) is wearing a size 28Material: Polyester; Machine Wash"
11364480,SASSAFRAS Women Rose Solid Cold-Shoulder Top,999.0,Rose,SASSAFRAS,http://assets.myntassets.com/assets/images/11364480/2020/1/28/ee294019-a5bc-4d91-b2c5-6e609ac4ef7c1580191252768-SASSAFRAS-Women-Pink-Solid-Top-411580191251390-1.jpg,"Rose solid woven cold shoulder top with ruffle detail, has shoulder straps, and short sleevesThe model (height 5'8"") is wearing a size SMaterial: Poly crepeMachine Wash"
9971489,Vishudh Orange & Pink Printed Tunic,1199.0,Orange,Vishudh,http://assets.myntassets.com/assets/images/9971489/2019/7/30/545a76f5-02dc-408f-a7bc-c50356004b131564477916524-Vishudh-Orange--Pink-Printed-Tunic-3331564477914687-1.jpg,"Orange printed tunic, has a round neck, three-quarter sleevesThe model (height 5'8'') is wearing a size SCotton Machine-wash"
19175660,ONLY Women Blue Colourblocked Crop Denim Jacket,5499.0,Blue,ONLY,http://assets.myntassets.com/assets/images/19175660/2022/7/19/416f2efe-c2b9-4b59-a6b7-587ee215cc8b1658237593057Jackets1.jpg,"Blue colourblocked denim jacket  with faux fur trim,  has a spread collar,  2  pockets ,has a button closure, long sleeves,  straight  hemline, cotton  liningDenimMachine washThe model (height 5'8) is wearing a size S"
18682092,MIRCHI FASHION Teal & Red Floral Saree,2599.0,Teal,MIRCHI FASHION,http://assets.myntassets.com/assets/images/18682092/2022/6/9/05c4d58e-ddab-476c-b236-ec79ffc709301654771268978MIRCHIFASHIONTealRedFloralSaree1.jpg," Design Details    Teal and red saree   Floral printed saree with solid border    The saree comes with an unstitched blouse piece
The blouse worn by the model might be for modelling purpose only. Check the image of the blouse piece to understand how the actual blouse piece looks like.Length: 5.5 metres plus 0.8 metre blouse piece  Width: 1.06 metres (approx.)Cotton Blend,Daily Wear"
17694094,Antheaa Women Black Embellished Pencil Skirt,2259.0,Black,Antheaa,http://assets.myntassets.com/assets/images/17694094/2022/4/11/90c4d2ad-236b-4af5-ba4c-753db24388951649677583811-Antheaa-Women-Skirts-4941649677583253-1.jpg,"Black Embellished Pencil Skirt, has partially elasticated waistband with slip-on closureSize worn by the model: 28Waist: 24""Hips: 34""Height: 5'5''PolyesterHand Wash"
19293778,Tokyo Talkies Women Blue Crop Denim Jacket,2399.0,Blue,Tokyo Talkies,http://assets.myntassets.com/assets/images/19293778/2022/7/29/cb4bb46a-c7a5-46b3-b1e4-b3edda516f9c1659073845108TokyoTalkiesWomenBlueCropDenimJacketwithEmbroidered1.jpg,"Blue self design solid denim jacket  with zip detail,  has a spread collar,   pockets ,has a button closure, three-quarter sleeves,  hem with toggle  hemline, without  liningCottonMachine washThe model (height 5'8) is wearing a size S"
17033646,GOLDSTROMS Women Cream-Coloured Cotton Cigarette Trousers,599.0,Cream,GOLDSTROMS,http://assets.myntassets.com/assets/images/17033646/2022/2/3/8a6a9c9a-a76e-4673-88b1-b782310008ee1643879767248GOLDSTROMSWomenCream-ColouredTrousers1.jpg,"Cream-coloured woven cigarette trousersRegular fitMid-riseLength: regularPattern: solidFlat-front, with no pleats designFeature: plain1 pockets Fit: Regular Fit  The model (height 5'8) is wearing a size 28CottonMachine wash"
19194932,Puma Women Red solid Sporty Jacket,3299.0,Red,Puma,http://assets.myntassets.com/assets/images/19194932/2022/7/21/9ee5c85d-dc47-4a80-a2ce-8e9b824c1e151658377997586PUMAWomensGraphicWomensJacket1.jpg,"Red solid sporty jacket  with zip detail,  has a mock collar,  2  pockets ,has a zip closure, long sleeves,  straight  hemline, cotton  liningCottonClose All FasteningsUse Only Mild DetergentWash with similar colorThe model (height 5'8) is wearing a size S"
18462970,LAASA SPORTS Women White Skinny Fit Training or Gym Hot Pants Shorts,555.0,White,LAASA  SPORTS,http://assets.myntassets.com/assets/images/18462970/2022/5/28/7f14546d-eda7-4506-bb27-665b1c21262b1653726153172LAASASPORTSWomenWhiteSkinnyFitTrainingorGymHotPantsShorts1.jpg,"White solid mid-rise training or gym hot pants,  has na pockets, slip-on closure engineered with rapid-dry technologySkinny Fit  The model (height 5'8) is wearing a size 28Hand/Machine Wash (Do not Bleach)"
11306970,DressBerry Women Blue Skinny Fit High-Rise Clean Look Stretchable Jeans,1899.0,Blue,DressBerry,http://assets.myntassets.com/assets/images/11306970/2020/9/7/1006fdba-3881-43b6-a49d-e49954db28bd1599477746034-DressBerry-Women-Jeans-9031599477743637-1.jpg,"Blue medium wash 5-pocket high-rise jeans, clean look, no fade, has a button fly closure, and waistband with belt loopsSkinny FitStretchableThe model (height 5'8"") is wearing a size 2898% cotton and 2% elastaneMachine-wash"
17164064,Nautica Women Blue Skinny Fit High-Rise Light Fade Stretchable Jeans,3899.0,Blue,Nautica,http://assets.myntassets.com/assets/images/17164064/2022/4/19/ac1624a9-529b-4890-a453-da03fcad96e21650348992813-Nautica-Women-Jeans-3481650348992102-1.jpg,"  Dark shade,  light fade blue jeans   Skinny fit,  high-rise   Clean look   Stretchable   5 pocket   Length: regular  70% cotton 28% recycled polyester 2% elastaneMachine washFit: Skinny FitStretchableSize worn by the model: 28Waist: 28""Hips: 34""Height: 5'6"""
13903242,Anouk White & Blue Floral Zari Silk Blend Saree,3599.0,White,Anouk,http://assets.myntassets.com/assets/images/13903242/2021/6/21/81043c5f-fe8d-4bad-b66f-0c7dc7fb56db1624271396004-Anouk-Off-White-Silk-Blend-Pure-Woven-Zari-Long-Pallu-Tradit-1.jpg,Design Details White and blue sareeFloral woven design saree with solid borderHas zari detailThe saree comes with an unstitched blouse pieceThe model is wearing a stitched version of the blouse piece. The saree comes with an unstitched blouse pieceLength: 5.5 metres plus 0.8 metre blouse piece  Width: 1.06 metres (approx.)Saree fabric:  Silk Blend  Blouse fabric:  Brocade  Dry clean
19334482,H&M Women Beige Hoodie,1299.0,Beige,H&M,http://assets.myntassets.com/assets/images/19334482/2022/8/1/087fb96a-7949-4266-ab69-c89200ff14851659352881159Hoodie1.jpg,"Hoodie in sweatshirt fabric made from a cotton blend with a soft brushed inside. Lined hood with a wrapover front. Relaxed fit with dropped shoulders, long sleeves and ribbing at the cuffs and hem.90% Cotton, 10% Polyestermachine was"
8067177,Ira Soleil Women Black Printed Crop Tailored Jacket,1999.0,Black,Ira Soleil,http://assets.myntassets.com/assets/images/8067177/2018/12/14/219eff35-df31-44bf-9d6d-162b1189e05c1544760120902-Ira-Soleil-Women-Black-Printed-Tailored-Jacket-8011544760119-1.jpg,"Black printed crop tailored jacket, collarless, zip closure, long bell sleeves, curved hem, polyester liningPolyester Hand-washThe model (height 5'8"") is wearing a size S"
17545962,Okane Women Olive Green Lightweight Longline Parka Jacket,4125.0,Olive,Okane,http://assets.myntassets.com/assets/images/17545962/2022/3/16/b8f4f1a8-64c0-4919-a083-9af0fd3400971647421650251OkaneWomenOliveGreenLightweightLonglineParkaJacket1.jpg,"Olive green solid lightweight parka  with faux fur trim,  has a hooded,  2  pockets ,has a zip closure, long sleeves,  straight  hemline, polyester  liningOuter shell: PolyesterLining: PolyesterMachine washThe model (height 5'8) is wearing a size M"
18841540,Styli Women Brown & Beige Colourblocked Accordion Pleat Midi Skirts,2149.0,Brown,Styli,http://assets.myntassets.com/assets/images/18841540/2022/6/23/53b1c4c4-5098-4ba6-bc26-79f5ccfaac091655979638501StyliWomenBrownBeigeColourblockedAccordionPleatMidiSkirts1.jpg,Brown Beige and red  colour blocked accordion pleated Midi-length flared skirt has slip-on closureThe model (height 5'8'') is wearing a size S100%PolyesterMachine Wash
17760592,Apratim Pink & Orange Printed Leheriya Dupatta,1199.0,Pink,Apratim,http://assets.myntassets.com/assets/images/17760592/2022/4/5/d25a66df-f889-4c55-927a-54a2e3aeff2d1649136279717Dupatta1.jpg,"Pink and orange leheriya printed dupatta has leheriya technique,,  printed borderCotton BlendHand washLength: 2.25 m"
10075727,Miss Chase Women Black Skinny Fit High-Rise Clean Look Jeans,2299.0,Black,Miss Chase,http://assets.myntassets.com/assets/images/productimage/2019/6/18/34fc7d14-e1eb-48a3-a75f-7dbd6d77c8691560849480256-1.jpg,"Black dark wash 5-pocket high-rise jeans, clean look, no fade, has a button fly closure, and waistband with belt loopsCottonMachine-washSkinny FitThe model (height 5'8"") is wearing a size 28"
11111740,Kalt Women Charcoal Grey Melange Solid Cardigan,1400.0,Charcoal,Kalt,http://assets.myntassets.com/assets/images/productimage/2019/12/3/009d9e94-bc64-4f9f-97fd-670ea979e6591575323178021-1.jpg,"Charcoal grey melange solid cardigan, has a V-neck, long sleeves, and ribbed hemThe model (height 5'8"") is wearing a size SMaterial: Acrylic Machine Wash"
15096478,Anouk Red & Golden Ethnic Motifs Embroidered Saree,4499.0,Red,Anouk,http://assets.myntassets.com/assets/images/15096478/2021/9/13/455d62e6-d7c9-494a-b6a0-6e69c7ee74211631520749002-Anouk-Women-Sarees-911631520748248-1.jpg,Design Details Red and golden sareeEthnic motifs embroidered saree with embroidered borderHas beads and stones detailDisclaimer The saree comes with an unstitched blouse pieceThe blouse worn by the model might be for modelling purpose only. Check the image of the blouse piece to understand how the actual blouse piece looks like.Saree fabric:  Silk Blend  Blouse fabric:  Silk Blend  Dry cleanLength: 5.5 metres plus 0.8 metre blouse pieceWidth: 1.06 metres
19029806,Readiprint Fashions Green & Peach-Coloured Embroidered Sequinned Semi-Stitched Lehenga Set,12150.0,Green,Readiprint Fashions,http://assets.myntassets.com/assets/images/19029806/2022/7/15/a48810e4-e120-4f8e-9ab9-e1e20c07db181657886443016-Readiprint-Fashions-Women-Lehenga-Choli-8081657886442270-1.jpg,"Green and peach-coloured embroidered lehenga choli with dupatta, sequinnedGreen and peach-coloured embroidered unstitched blouseGreen and peach-coloured printed semi-stitched lehenga, has drawstring closure, flared hemGreen and peach-coloured printed dupatta, taping borderCholi at Bust: Customizable upto 40 inchesLehenga waist: Customizable upto 40 inches Lehenga Length: 1.12m Lehenga Flare: 4 m Dupatta Length: 2.55 m Dupatta Width: 1.05 mLehenga fabric: Organza SilkBlouse fabric: Organza SilkLehenga lining fabric: Poly CrepeDupatta fabric: Organza SilkCare: Dry Wash"
7744586,Belle Fille Women Sea Green Solid Duster Jacket,3499.0,Sea Green,Belle Fille,http://assets.myntassets.com/assets/images/7744586/2018/11/6/1c3c45de-0500-4dd0-9b69-5dfcca2bac381541497480886-na-31541497480699-1.jpg,"Sea Green solid duster jacket, has a hooded, two pockets, zip closure, long sleeves, straight hem, polyester liningComes with a fabric beltThe model (height 5'8"") is wearing a size SFleeceHand-wash"
18226442,plusS Women Classic White Solid Trousers,2399.0,White,plusS,http://assets.myntassets.com/assets/images/18226442/2022/5/26/02252c0f-920e-4d9a-bd5a-ffb015dd2c6a1653539408665-plusS-Women-Trousers-651653539408121-1.jpg,"Both smart and stylish, these mod trousers are a perfect go-to for a casual evening out. These trousers feature a solid pattern and a regular length. Classic white toneSolid patternRegular lengthButton closurePolyester, machine washTrend AlertUnique and oversized pockets in different ensembles add to their style and functionality. Coupled with other details, like a zipper, belt, tie-up hems, and contrast trims, they are designed in attractive prints and patterns, such as checks, psychedelic trails, colourblocking, and so on.PolyesterMachine Wash Fit: Regular Fit  The model (height 5'8) is wearing a size 28"
15953978,Tokyo Talkies Women Black A-Line Slim Fit Skirt,2649.0,Black,Tokyo Talkies,http://assets.myntassets.com/assets/images/15953978/2022/1/29/a43ec50c-861c-4771-8460-48cf1b0a9f821643433862933-Tokyo-Talkies-Women-Black-A-Line-Slim-Fit-Skirt-631164343386-1.jpg,"Black slim-fit a-line skirt has a waistband with drawstring closureFaux LeatherMachine WashSlim FitThe model (height 5'8"") is wearing a size 26"
18118494,Hopscotch Girls Rose Ready to Wear Lehenga & Choli,3599.0,Rose,Hopscotch,http://assets.myntassets.com/assets/images/18118494/2022/5/2/cbf19306-88fd-4771-a187-751cb6ba04141651496521235LehengaCholi1.jpg,"Rose solid lehenga choli,   Rose solid ready to wear blouse,  has a one shoulder,  sleeveless,  rose solid ready to wear lehenga, has slip-on closure, flared hem  Rose dupatta,  borderMaterial: 100% CottonDry clean-"
10565738,Flying Machine Women Pink Printed Sweatshirt,1699.0,Pink,Flying Machine,http://assets.myntassets.com/assets/images/10565738/2019/9/26/f52ceb8a-de27-439c-9b8f-5fc6c24bbf991569481659558-Flying-Machine-Women-Sweatshirts-1561569481657627-1.jpg,"Pink printed sweatshirt, has a round neck, long sleeves, ribbed hemThe model (height 5'8"") is wearing a size S100% cottonMachine-wash"
16857188,luyk Girls White & Blue  Floral Print A-Line Mini Skirt,1299.0,White,luyk,http://assets.myntassets.com/assets/images/16857188/2022/2/1/9043922c-01b2-4669-a6a5-41bb5ae2be8b1643708999651-luyk-Girls-Skirts-2051643708999153-1.jpg,"White, blue and red floral print a-line mini skirt, has gathers around the waist line with flared hem, has an elasticated wasitband with slip-on closure100% ViscoseHand-wash"
18676804,Gini and Jony Pink Print Top,449.0,Pink,Gini and Jony,http://assets.myntassets.com/assets/images/18676804/2022/6/8/4d56868e-f275-42f4-b531-83fd75441e461654705256485Tops1.jpg,"  Pink regular top   Conversational print   Round neck,  short,  regular sleeves   Knitted cotton  COTTON"
13611428,20Dresses Women Blue & Peach-Coloured Comfort Fit Printed Parallel Trousers,1995.0,Blue,20Dresses,http://assets.myntassets.com/assets/images/13611428/2021/2/26/9f5b7f7d-7efb-4628-85ed-a090fd43044f161431999276220DressesFlareUpInStylePantswomen1.jpg,"Blue and peach-coloured printed high-rise trousers, has a concealed zip closure, and 2 pocketsComfort Regular FitThe model (height 5'8"") is wearing a size 28Material: Polyester  Machine Wash"
18585472,Mitera Black & Pink Floral Pure Linen Saree,22300.0,Black,Mitera,http://assets.myntassets.com/assets/images/18585472/2022/6/2/dacf1c6c-948d-4316-b44f-fc28fa944eef1654156765540MiteraBlackPinkFloralPureLinenSaree1.jpg, Design Details    Black and pink saree   Floral woven design saree with woven design border    The saree comes with an unstitched blouse piece
15258072,Libas Solid Saree with border,3999.0,Burgundy,Libas,http://assets.myntassets.com/assets/images/15258072/2021/11/16/ccc2cdce-ebf0-41c3-b448-418894a391591637039903628-Libas-Burgundy-Pure-Georgette-Dhoti-Saree-with-Detachable-Pa-1.jpg,"Bring out your inner elegance with this gorgeous saree. It comes with an appealing pure georgette blouse and a graceful solid pattern that adds to your beauty. Burgundy solid saree with borderSolid patternSolid borderPure georgette blousePure georgette, hand washTrend AlertA blend of comfort and style, dhoti sets are a form of traditional attire that comprises a well-fitted dhoti with matching top wear.The model (height 5'8"") is wearing a size SSaree fabric:  Pure Georgette  Blouse fabric:  Pure Georgette  Hand wash"
18779644,Charukriti Beige & Grey Tissue Saree,3245.0,Beige,Charukriti,http://assets.myntassets.com/assets/images/18779644/2022/6/18/199ccef2-6c68-4bbe-b36c-43c513609f9f1655559783511CharukritiBeigeGreyTissueSaree1.jpg," Design Details    Beige and grey saree   Solid saree with no border    The saree comes with an unstitched blouse piece
The blouse worn by the model might be for modelling purpose only. Check the image of the blouse piece to understand how the actual blouse piece looks like.Length: 5.5 metres plus 0.8 metre blouse piece  Width: 1.06 metres (approx.)Do not tumble dry iron low heat professional dry clean, Do not bleach"
18923186,all about you Teal & Gold-Toned Woven Design Dupatta with Zari,1299.0,Teal,all about you,http://assets.myntassets.com/assets/images/18923186/2022/6/30/9e6a46c8-4e55-452f-b5fe-b53585af0a331656579861685allaboutyouTealGold-TonedWovenDesignDupattawithZari5.jpg,"Teal and gold-toned leheriya woven design dupatta zari,  woven design borderStyle: Leheriya Dupatta of Length -2.15 Mtr , Width -1 MtrDupatta Material: Silk Blend"
14275634,HERE&NOW Women Navy Blue Bootcut Fit Stretchable Jeans,2099.0,Navy Blue,HERE&NOW,http://assets.myntassets.com/assets/images/14275634/2022/5/25/61ab6d97-3b30-4b1c-9f45-d7eab30e95af1653468850541-HERENOW-Women-Navy-Blue-Bootcut-Fit-Stretchable-Jeans-916165-1.jpg,"Dark no fade navy blue jeansBootcut, mid-riseClean look with whiskers and chevronsStretchable5 pocketLength: regularFit: BootcutStretchableThe model (height 5'8) is wearing a size 2877% Cotton, 21% polyester and 2% ElastaneMachine wash"
13984204,Roadster Women Lovely Olive Solid Co-Ord Set Dress,2699.0,Olive,Roadster,http://assets.myntassets.com/assets/images/13984204/2021/10/18/0967fe47-65fa-4fea-a9f9-af66e8ffad931634547793290-Roadster-Women-Olive-Green-Ribbed-Co-Ord-Set-221163454779257-1.jpg,"Lift your mood by wearing this sophisticated dress. Crafted with a V-neck and short regular sleeves, this piece lends you a flattering silhouette. Lovely olive toneSolid patternV-neckShort regular sleevesPolyester, machine washTrend AlertCo-ord sets are two-piece outfits that are made by matching both the pieces in the same fabric, colour, or pattern. They are not only trendy but also highly versatile.The model (height 5'8) is wearing a size S65% Polyester, 33% cotton and 2% elastaneMachine wash"
10942376,Anubhutee Women Teal Blue & Off-White Foil Print Kurta with Palazzos,2989.0,Teal,Anubhutee,http://assets.myntassets.com/assets/images/10942376/2019/11/19/8b778e32-5ede-4d44-9f54-3edd018919ba1574152318183-Anubhutee-Women-Teal--Off-White-Printed-Kurta-with-Palazzos--1.jpg,"Teal blue and off-white foil print kurta with palazzosTeal blue and golden printed A-line calf length kurta, has a mandarin collar, three-quarter sleeves, flared hemOff-white and golden printed palazzos, drawstring closureTop fabric: Viscose RayonBottom fabric: Viscose RayonHand-washThe model (height 5'8"") is wearing a size S"
18503936,studio rasa Black Geometric Print Sheer Net Peplum Top,1699.0,Black,studio rasa,http://assets.myntassets.com/assets/images/18503936/2022/5/30/15b2664d-3b9e-45fa-8c0d-5fadb408358f1653887831578BrocadeandNetSequinEmbroideredPeplumTop1.jpg,"  Black regular peplum top   Geometric print   Round neck,  short,  regular sleeves   Sequined detail   Woven net   Concealed zip closure  Dry CleanThe model (height 5'8) is wearing a size S"
16154386,JC Mode Women Green Open Knit Pullover,2699.0,Green,JC Mode,http://assets.myntassets.com/assets/images/16154386/2021/12/15/73527ace-3703-4cb9-8a34-39b5a4a4926b1639571958124-JC-Mode-Women-Sweaters-3151639571957665-1.jpg,"Green self design pullover, has a v-neck, long sleeves, and a ribbed hem100% AcrylicHand washThe model (height 5'8) is wearing a size S"
13661168,panchhi Green & Gold-Toned Jacquard Woven Banarasi Dupatta,1199.0,Green,panchhi,http://assets.myntassets.com/assets/images/productimage/2021/2/12/e1f56cf3-fbc7-42ac-b998-30677db6fd521613128078802-1.jpg,"Green and Gold-toned woven design Dupatta, zari, and has a tasselled borderLength: 2.20 metresWidth: 1 metreMaterial: Silk Blend  Dry Clean"
